Trading name,Owner's name,Current address,GPhC registration number,Status
118 Pharmacy,118 Pharmacy Ltd,"9 High Street, Walsall Wood, WALSALL, WS9 9LR, UK",1112046,Registered
3Q Pharmacy,KRG Healthcare Limited,"3 Queen Street, WELLINGBOROUGH, Northamptonshire, NN8 4RW, UK",1105385,Registered
4 Court Ltd,4 Court Limited,"5 Whinney Lane, BLACKBURN, BB2 7BX, UK",1125725,Registered
4 Court Pharmacy,4 Court Limited,"Blackburn Service Station, Whalley Banks, BLACKBURN, Lancashire, BB2 1NT, UK",1093283,Registered
4Court Pharmacy,4Court Healthcare Limited,"Heybrook Service Station, Halifax Road, ROCHDALE, Lancashire, OL16 2LH, UK",1106237,Registered
7 Day Chemist,Mistvale Ltd,"175 Bellegrove Road, WELLING, Kent, DA16 3QS, UK",1033016,Registered
7-11 Pharmacy,7-11 Ltd,"84B Berners Street, LEICESTER, Leicestershire, LE2 0FS, UK",1100687,Registered
8 PM Chemist,8PM Chemists Ltd,"First Floor, 61 Wolverhampton Street, WILLENHALL, West Midlands, WV13 2NF, UK",1099447,Registered
8pm Chemist,8PM Chemists Ltd,"61 Wolverhampton Street, WILLENHALL, West Midlands, WV13 2NF, UK",1038572,Registered
A & A Gilbride Ltd,A & A Gilbride Ltd,"275 Main Street, High Blantyre, GLASGOW, Lanarkshire, G72 0DL, UK",1042414,Registered
A & A Gilbride Ltd.,A & A Gilbride Ltd,"170 Carmyle Avenue, Carmyle, GLASGOW, Lanarkshire, G32 8EE, UK",1042312,Registered
A & J M Sheppard Limited,Avicenna Retail Ltd,"5 - 7 John Street, Abercwmboi, ABERDARE, Mid Glamorgan, CF44 6BL, UK",1089890,Registered
A & J M Sheppard Limited,Avicenna Retail Ltd,"Medical Centre, Penrhiwceiber Road, PENRHIWCEIBER, Mid Glamorgan, CF45 3SP, UK",1089955,Registered
A & J M Sheppard Limited,Avicenna Retail Ltd,"29 -31 Margaret Street, Abercynon, MOUNTAIN ASH, Mid Glamorgan, CF45 4RE, UK",1091489,Registered
A & J M Sheppard Ltd,Avicenna Retail Ltd,"12 Commercial Street, Tynant, Beddau, PONTYPRIDD, Mid Glamorgan, CF38 2DB, UK",1091507,Registered
A & J M Sheppard Ltd,Avicenna Retail Ltd,"65-66 High Street, FERNDALE, Mid Glamorgan, CF43 4RR, UK",1091688,Registered
A & J M Sheppard Ltd,Avicenna Retail Ltd,"Unit 2, Broadlands Retail Centre, Gentle Way, BRIDGEND, Mid Glamorgan, CF31 5EJ, UK",1091932,Registered
A & J M Sheppard Ltd,Avicenna Retail Ltd,"44 Gelligaled Road, Ystrad, PENTRE, Mid Glamorgan, CF41 7RQ, UK",1109996,Registered
A & J M Sheppard Ltd,Avicenna Retail Ltd,"White Rose Way, NEW TREDEGAR, Gwent, NP24 6AS, UK",1121407,Registered
A & J M Sheppard Ltd,Avicenna Retail Ltd,"17 Bridge Street, PONTYPRIDD, Mid Glamorgan, CF37 4PE, UK",1114145,Registered
A & J M Sheppard Ltd,Avicenna Retail Ltd,"The Pharmacy, Forest View Medical Centre, Abergorki Industrial Estate, TREORCHY, Mid Glamorgan, CF42 6DL, UK",1117308,Registered
A & J M Sheppard Ltd,Avicenna Retail Ltd,"Coychurch Road, Pencoed, BRIDGEND, Mid Glamorgan, CF35 5NH, UK",1120590,Registered
A & J M Sheppard Ltd,Avicenna Retail Ltd,"217-218 Cardiff Road, ABERDARE, Mid Glamorgan, CF44 6RG, UK",1091132,Registered
A & J M Sheppard Ltd,Avicenna Retail Ltd,"Goodwick Square, Goodwick, FISHGUARD, Dyfed, SA64 0BP, UK",1043251,Registered
A & J M Sheppard Ltd,Avicenna Retail Ltd,"2-3 Constitutional Buildings, Canon Street, ABERDARE, Mid Glamorgan, CF44 7AW, UK",1043471,Registered
A & J M Sheppard Ltd,Avicenna Retail Ltd,"50 Commercial Street, Aberbargoed, BARGOED, Mid Glamorgan, CF81 9BU, UK",1043479,Registered
A & J M Sheppard Ltd,Avicenna Retail Ltd,"1 Bridge Street, Kenfig Hill, BRIDGEND, Mid Glamorgan, CF33 6DB, UK",1043491,Registered
A & J M Sheppard Ltd,Avicenna Retail Ltd,"56 Llangewydd Road, Cefn Glas Estate, BRIDGEND, Mid Glamorgan, CF31 4JR, UK",1043508,Registered
A & J M Sheppard Ltd,Avicenna Retail Ltd,"30 Penybont Road, Pencoed, BRIDGEND, Mid Glamorgan, CF35 5RA, UK",1043517,Registered
A & J M Sheppard Ltd,Avicenna Retail Ltd,"Troed-y-Bryn Pharmacy, Heol-Aneurin, Penyrheol, CAERPHILLY, Mid Glamorgan, CF83 2PX, UK",1043537,Registered
A & J M Sheppard Ltd,Avicenna Retail Ltd,"Pleasant View, Ferndale Road, Tylorstown, FERNDALE, Mid Glamorgan, CF43 3HB, UK",1043547,Registered
A & J M Sheppard Ltd,Avicenna Retail Ltd,"68 High Street, FERNDALE, Mid Glamorgan, CF43 4RR, UK",1043548,Registered
A & J M Sheppard Ltd,Avicenna Retail Ltd,"Park View, North Terrace, Maerdy, FERNDALE, Mid Glamorgan, CF43 4DD, UK",1043550,Registered
A & J M Sheppard Ltd,Avicenna Retail Ltd,"9 Ynysmeurig Road, Abercynon, MOUNTAIN ASH, Mid Glamorgan, CF45 4SY, UK",1043579,Registered
A & J M Sheppard Ltd,Avicenna Retail Ltd,"59 Oxford Street, MOUNTAIN ASH, Mid Glamorgan, CF45 3HD, UK",1043574,Registered
A & J M Sheppard Ltd,Avicenna Retail Ltd,"1 Porth Street, Rhowdda, PORTH, Mid Glamorgan, CF39 9RN, UK",1043618,Registered
A & J M Sheppard Ltd,Avicenna Retail Ltd,"227 Parc Road, Cwmparc, TREORCHY, Mid Glamorgan, CF42 6LD, UK",1043633,Registered
A & J M Sheppard Ltd,Avicenna Retail Ltd,"14-16 Commercial Street, Nelson, TREHARRIS, Mid Glamorgan, CF46 6NF, UK",1043644,Registered
A & JM Sheppard Limited,Avicenna Retail Ltd,"102 - 103 Ynyshir Road, Ynyshir, PORTH, Mid Glamorgan, CF39 0EW, UK",1043620,Registered
A & JM Sheppard Ltd,Avicenna Retail Ltd,"1 Ty-Isaf, Llanharry, PONTYCLUN, Mid Glamorgan, CF72 9LJ, UK",1043610,Registered
A A Beggs,Paydens Ltd,"32 Pencester Road, DOVER, Kent, CT16 1BW, UK",1032729,Registered
A A Hagan Ltd,A A Hagan Ltd,"119-121 Grieve Road, GREENOCK, Renfrewshire, PA16 7AW, UK",1109031,Registered
A N Patel Pharmacy,Mill Road Pharmacy Limited,"181 Mill Road, KETTERING, Northamptonshire, NN16 0RH, UK",1035429,Registered
A Nima Pharmacy,Anna Healthcare Ltd,"50 Friars Stile Road, RICHMOND, Surrey, TW10 6NQ, UK",1036710,Registered
A Procter & Son Ltd.,"Procter & Son Ltd., A.","63 High Street, HEATHFIELD, East Sussex, TN21 8HU, UK",1036203,Registered
A Procter & Son Ltd.,"Procter & Son Ltd., A.","Station Road, HEATHFIELD, East Sussex, TN21 8LD, UK",1036204,Registered
A Procter & Son Ltd.,"Procter & Son Ltd., A.","69 High Street, POLEGATE, East Sussex, BN26 6AH, UK",1036255,Registered
A Williams,Anne Williams,"22 Cowbridge Road, PONTYCLUN, Mid Glamorgan, CF72 9EE, UK",1043604,Registered
A. & J.M. Sheppard Ltd,Avicenna Retail Ltd,"15 Llwynypia Road, TONYPANDY, Mid Glamorgan, CF40 2EL, UK",1043640,Registered
A. & J.M. Sheppard Ltd,Avicenna Retail Ltd,"35 Dyffryn Road, Rhydyfelin, PONTYPRIDD, Mid Glamorgan, CF37 5RW, UK",1043592,Registered
A. & J.M. Sheppard Ltd,Avicenna Retail Ltd,"62A High Street, Cefn Coed, MERTHYR TYDFIL, Mid Glamorgan, CF48 2PL, UK",1043563,Registered
A. & J.M. Sheppard Ltd,Avicenna Retail Ltd,"4 Mill Street, Trecynon, ABERDARE, Mid Glamorgan, CF44 8NA, UK",1043475,Registered
A. & J.M. Sheppard Ltd,Avicenna Retail Ltd,"22-25 Whitcombe Street, ABERDARE, Mid Glamorgan, CF44 7AU, UK",1043478,Registered
A.A. Pharmacy,Tinij Ltd,"98 Whitmore Way, BASILDON, Essex, SS14 3JT, UK",1031030,Registered
A.C. Curd (Isleworth) Ltd,A C Curd (Isleworth) Ltd,"55 South Street, ISLEWORTH, Middlesex, TW7 7AA, UK",1035045,Registered
A.C. Moule & Co,A.C. Moule Limited,"55 Parliament Road, MIDDLESBROUGH, Cleveland, TS1 4JW, UK",1029962,Registered
A.D. & I.A. Gohil,A.D. & I.A. Gohil,"Milford Pharmacy, Portsmouth Road, Milford, GODALMING, Surrey, GU8 5DR, UK",1036592,Registered
A.D. Phillips,Phillips Chemists Limited,"21a Church Road, Trimdon Village, TRIMDON STATION, County Durham, TS29 6PY, UK",1029498,Registered
A.E. Hobbs Ltd.,"Hobbs Ltd., A.E.","72 Mount Pleasant, TUNBRIDGE WELLS, Kent, TN1 1RJ, UK",1033007,Registered
A.F. Browne Ltd.,A F Browne Ltd,"174 Eynsham Drive, Abbey Wood, LONDON, SE2 9PT, UK",1040746,Registered
A.F.Norman Chemists Ltd.,A. F. Norman Chemists Ltd.,"55 Senhouse Street, MARYPORT, Cumbria, CA15 6BL, UK",1030221,Registered
A.H. Hale Ltd.,A H Hale Ltd,"The Bathwick Pharmacy, 8 Argyle Street, Laura Place, BATH, Avon, BA2 4BQ, UK",1028531,Registered
A.J. Campbell Chemist,Wessex Pharmacy Ltd,"133 Bath Road, SLOUGH, Berkshire, SL1 3UR, UK",1029012,Registered
A.J. Nuttall Ltd.;,A.J. Nuttall Ltd,"603 Market Street, Whitworth, ROCHDALE, Lancashire, OL12 8QS, UK",1033876,Registered
A.Karim's-Chuckery Pharmacy,Ph4rmacy Limited,"7-9 Kinnerley Street, WALSALL, WS1 2LD, UK",1115567,Registered
A.M. Clark Ltd.,A.M.Clark Limited,"1 Market Place, Penistone, SHEFFIELD, South Yorkshire, S36 6DA, UK",1039344,Registered
A.P.Chemist Ltd,A P Chemist Ltd,"129 High Street Colliers Wood, LONDON, SW19 2HR, UK",1125513,Registered
A.R. & H. Davies,A R & H Davies Limited,"4 Kings Road, LLANDOVERY, Dyfed, SA20 0AW, UK",1043268,Registered
A.R. Pharmacy,Eyre Ltd,"34 High Street, LYNDHURST, Hampshire, SO43 7BG, UK",1031763,Registered
A.R. Pharmacy,Eyre Ltd,"3 Hazel Farm Road, West Totton, SOUTHAMPTON, Hampshire, SO40 8WU, UK",1031866,Registered
A.R.K. Healthcare Ltd,A.R.K. Healthcare Limited,"566-568 Stratford Road, Sparkhill, BIRMINGHAM, West Midlands, B11 4AN, UK",1038139,Registered
A.S. Carlton Limited,A.S. Carlton Limited,"10 Station Road, OSSETT, West Yorkshire, WF5 8AD, UK",1039869,Registered
A.S. Facer (Longton) Ltd.,"Facer (Longton) Ltd., A.S.","66 Liverpool Road, Longton, PRESTON, Lancashire, PR4 5PB, UK",1033830,Registered
A.S. Kitching Ltd.,As Kitching (Oakengates) Ltd,"Limes Walk, Oakengates, TELFORD, Shropshire, TF2 6EP, UK",1036065,Registered
A+ Pharmacy,Richmond Healthcare (Stechford) Ltd,"311 Bordesley Green East, Stetchford, BIRMINGHAM, West Midlands, B33 8QF, UK",1037901,Registered
A1 Chemist,RV PHARMA LTD,"4 Herriotts Lane, Wellingborough, NORTHAMPTON, Northamptonshire, NN8 4PT, UK",1035482,Registered
A1 Pharmacy,A1 Healthcare Limited,"491 Radcliffe Road, BOLTON, Lancashire, BL3 1SX, UK",1105704,Registered
Abbey Chemist,Abbey Chemists Ltd,"27 Gauze Street, PAISLEY, Renfrewshire, PA1 1ES, UK",1042921,Registered
Abbey Chemists,Abbey Chemists Ltd,"Lonend, PAISLEY, Renfrewshire, PA1 1SU, UK",1042928,Registered
Abbey Healthcare,Renner Ujonson Limited,"Medical Hall, ABERDOVEY, Gwynedd, LL35 0EB, UK",1043916,Registered
Abbey Pharmacy,Chemilab Limited,"45 High Street, Abbotts Langley, WATFORD, Hertfordshire, WD5 0AA, UK",1032420,Registered
Abbey Pharmacy,Flagship (Dorset) Ltd,"83 Cheap Street, SHERBORNE, Dorset, DT9 3BA, UK",1030605,Registered
Abbey Pharmacy,Gibson Pharmacy Ltd,"19-21 Howard Street, ROTHERHAM, South Yorkshire, S65 1JQ, UK",1039214,Registered
Abbey Pharmacy,Jardines (U.K.) Ltd,"63 Central Avenue, Beeston, NOTTINGHAM, Nottinghamshire, NG9 2QP, UK",1096941,Registered
Abbey Pharmacy,Nitin Lad,"313 Stockbrook Street, DERBY, Derbyshire, DE22 3WH, UK",1030398,Registered
Abbey Pharmacy,Pearl Chemist Limited,"12A Abbey Parade, 116 Merton High Street, LONDON, SW19 1DG, UK",1087374,Registered
Abbeydale Pharmacy,Rehman Enterprises Ltd,"713 Abbeydale Road, SHEFFIELD, S7 2BE, UK",1122606,Registered
Abbots Langley Pharmacy,Abbots Healthcare Limited,"78 High Street, ABBOTS LANGLEY, Hertfordshire, WD5 0AW, UK",1120385,Registered
Abbotswell Pharmacy,Ms Kiran Tait,"2 Abbotswell Crescent, Kincorth, ABERDEEN, Aberdeenshire, AB12 5AR, UK",1041591,Registered
Abbotswood Pharmacy,MJ Williams Limited,"38 Abbotswood, Yate, BRISTOL, Avon, BS37 4NG, UK",1028576,Registered
Abbott Pharmacy,Questpark Limited,"101 Colney Hatch Lane, Muswell Hill, LONDON, N10 1LR, UK",1040397,Registered
Abbotts Pharmacy,V C K P Limited,"83 High Street, Lindfield, HAYWARDS HEATH, West Sussex, RH16 2HN, UK",1037338,Registered
Aberdour Pharmacy,Omnicare Pharmacy Limited,"30 High Street, ABERDOUR, Fife, KY3 0SW, UK",1042042,Registered
Aberlour Pharmacy,Blackridge Pharma Ltd,"112 High Street, ABERLOUR, Banffshire, AB38 9NX, UK",1041912,Registered
Abersychan Pharmacy,Avicenna Retail Ltd,"Bristol House, 14-15 Broad Street, Abersychan, PONTYPOOL, Gwent, NP4 7BQ, UK",1043445,Registered
Abington Pharmacy,Abington Pharmacy Ltd,"51f Beech Avenue, NORTHAMPTON, Northamptonshire, NN3 2JG, UK",1035448,Registered
Abram Pharmacy,KYK Healthcare Limited,"358 Warrington Road, Abram, WIGAN, Lancashire, WN2 5XA, UK",1033984,Registered
Access Pharmacy,Apple & Way Limited,"38 Grovebury Road, Abbey Wood, LONDON, SE2 9BB, UK",1040747,Registered
Accrington Pharmacy,Accrington Pharmacy Limited,"257 Whalley Road, ACCRINGTON, Lancashire, BB5 5AD, UK",1033064,Registered
Ace Chemist Direct,Ace Direct Ltd,"1st Floor, 245 Entwisle Road, ROCHDALE, Lancashire, OL16 2LJ, UK",1099897,Registered
Ace Pharmacy,Exchanging Ltd,"1-3 Ace Parade, Hook Road, CHESSINGTON, Surrey, KT9 1DR, UK",1036437,Registered
Acer Road Pharmacy,Wickham Market Medical Centre Ltd,"6 Acer Road, Rendlesham, WOODBRIDGE, Suffolk, IP12 2GA, UK",1111207,Registered
Acheason Pharmacy,Acheason Pharmacy Ltd,"273 High Road, Leytonstone, LONDON, E11 4HH, UK",1040141,Registered
Ackers Chemists Ltd.,Ackers Chemists Ltd,"90-92-94 Church Road, SWANSCOMBE, Kent, DA10 0HF, UK",1032957,Registered
Acklam Road Pharmacy,Sharief Healthcare Limited,"89 Acklam Road, MIDDLESBROUGH, Cleveland, TS5 5HR, UK",1029930,Registered
Acorn Pharmacy,12/14 Pharmacy Ltd.,"The Oak Tree Centre, 1 Oak Drive, HUNTINGDON, Cambridgeshire, PE29 7HN, UK",1091102,Registered
Acorn Pharmacy,Accrington Late Night Pharmacy Limited,"406 Blackburn Road, ACCRINGTON, Lancashire, BB5 1SA, UK",1109706,Registered
Acorn Pharmacy,Acorn Pharmacy Limited,"95 Locks Hill, FROME, Somerset, BA11 1NG, UK",1073973,Registered
Acorn Pharmacy,ADM Healthcare Limited,"41 Castle Drive, WILLENHALL, West Midlands, WV12 4QY, UK",1124547,Registered
Acorn Pharmacy,Dallow Road Retail Limited,"138 Dallow Road, LUTON, Bedfordshire, LU1 1NE, UK",1085861,Registered
Acorn Pharmacy,HR Pharm Limited,"256 High Street, BERKHAMSTED, Hertfordshire, HP4 1AQ, UK",1074893,Registered
Acorn Pharmacy,R&N Healthcare Ltd,"Unit 9 Bushmead Retail Park, Bushmead, LUTON, Bedfordshire, LU2 7SF, UK",1028850,Registered
Acorn Pharmacy,VRAJ PHARM LTD,"8-10 Main Road, Jacksdale, NOTTINGHAM, Nottinghamshire, NG16 5JW, UK",1035692,Registered
Acorn Pharmacy,VRAJ PHARM LTD,"Unit 2, Remembrance Road, COVENTRY, West Midlands, CV3 3DP, UK",1089181,Registered
Acorn Pharmacy,YSIM Pharma Limited,"641 Watford Way, Mill Hill, LONDON, NW7 3JR, UK",1040637,Registered
Acre Pharmacy,Dickinsons Chemist Ltd,"80 New Hey Road, HUDDERSFIELD, West Yorkshire, HD3 4AJ, UK",1039618,Registered
Adams Pharmacy,Adams Healthcare Limited,"50-51 Nechells Park Road, Nechells, BIRMINGHAM, West Midlands, B7 5PR, UK",1092952,Registered
Adams Pharmacy,Ansar Mahmood & Saqab Zahid,"169 Mossley Road, ASHTON-UNDER-LYNE, Lancashire, OL6 6NE, UK",1116832,Registered
Adarshi Pharmacy,Targetgrange Ltd,"485-487 Norwood Road, LONDON, SE27 9DJ, UK",1040967,Registered
Addiscombe Pharmacy,Ampharm Ltd,"331 Lower Addiscombe Road, CROYDON, CR0 6RF, UK",1121245,Registered
Adel Pharmacy,M & B Healthcare Ltd,"141 Long Causeway, LEEDS, West Yorkshire, LS16 8BX, UK",1039761,Registered
Adelaide Pharmacy Ltd,Pharmalpha Limited,"The Adelaide Health Centre, Western Community Hospital, William Macleod Way, SOUTHAMPTON, Hampshire, SO16 4XE, UK",1104564,Registered
Adell Pharmacy,Macol Ltd,"392 Long Lane, Hillingdon, UXBRIDGE, Middlesex, UB10 9PG, UK",1035173,Registered
Adrian D Richards,Adrian David Richards,"The Pharmacy, 39 Heol Jwbili, Cwmavon, PORT TALBOT, West Glamorgan, SA12 9NR, UK",1043804,Registered
Adswood Pharmacy,Graphictrail Ltd,"205 Garners Lane, STOCKPORT, Cheshire, SK3 8QJ, UK",1029745,Registered
Ahmed Pharmacy,Ahmed Chem Ltd,"71 Basingstoke Road, READING, Berkshire, RG2 0ER, UK",1028963,Registered
Ahmeys Pharmacy,Ahmeys Limited,"2 Market Square, BICESTER, Oxfordshire, OX26 6AA, UK",1111712,Registered
Ahmeys Pharmacy,Ahmeys Limited,"150 Oxford Road, Cowley, OXFORD, OX4 2EA, UK",1115951,Registered
Ainsworths Homeopathic Pharmacy,Ainsworths (London) Ltd,"36 New Cavendish Street, LONDON, W1G 8UF, UK",1041309,Registered
Air Balloon Pharmacy,Bristol Pharma Limited,"Air Balloon Surgery, Kenn Road, St George, BRISTOL, Avon, BS5 7PD, UK",1028674,Registered
Airedale Pharmacy,Excel Pharma Solutions Ltd,"55 South Street, KEIGHLEY, West Yorkshire, BD21 1AD, UK",1123408,Registered
Airedale Pharmacy,Ezct Limited,"Elizabeth Court, Elizabeth Drive, CASTLEFORD, West Yorkshire, WF10 3TG, UK",1114905,Registered
Airth Pharmacy,Airth Pharmacy Ltd,"2 Shore Road, Airth, FALKIRK, Stirlingshire, FK2 8LH, UK",1092302,Registered
Akhtar; S.,Shahnaz Ud Din,"134 Cricklewood Broadway, LONDON, NW2 3EE, UK",1040559,Registered
Akro,Samuel Tetteh Adjei,"404 Katherine Road, Forest Gate, LONDON, E7 8NP, UK",1040072,Registered
Akshar Pharmacies,Nilesh Chandubhai Patel,"91 Cricklewood Lane, LONDON, NW2 1HR, UK",1040557,Registered
Akshar Pharmacies,Nilesh Chandubhai Patel,"8a Rushbrook Crescent, LONDON, E17 5BZ, UK",1040226,Registered
Al Farabi Pharmacy,Al Rasheed United Limited,"39 Edgware Road, LONDON, W2 2JE, UK",1106227,Registered
Al Razi Pharmacy,Keybasis Ltd,"80 Edgware Road, LONDON, W2 2EA, UK",1126645,Registered
Al Shafa Pharmacy,IPHARMA 2 LTD,"Units 2 & 3, Hillside Building, Beeston Road, LEEDS, LS11 6AY, UK",1116886,Registered
Al Shafa Pharmacy,Your Prescriptions Limited,"93 Shireland Road, SMETHWICK, West Midlands, B66 4QJ, UK",1103406,Registered
Alan Stockley & Company Ltd.;,Alan Stockley & Company Ltd.,"Market Place, Snettisham, KING'S LYNN, Norfolk, PE31 7LR, UK",1035279,Registered
Albert Wilde Ltd,Albert Wilde Ltd,"West View Health Village, FLEETWOOD, Lancashire, FY7 8GU, UK",1090930,Registered
Albyn Pharmacy,Mount Street (Aberdeen) Limited,"156 Union Grove, ABERDEEN, Aberdeenshire, AB10 6SR, UK",1041641,Registered
Alcura House,Alcura UK Limited,"Caswell Road, Brackmills Industrial Estate, NORTHAMPTON, NN4 7PU, UK",1122546,Registered
Aldeburgh Pharmacy,Stuart Beer & Co Limited,"125 High Street, ALDEBURGH, Suffolk, IP15 5AR, UK",1037121,Registered
Aldergate Pharmacy,Springpharm Limited,"Fraser House, 75 Upper Gungate, TAMWORTH, Staffordshire, B79 8AX, UK",1116606,Registered
Alexanders Pharmacies Ltd,Alexanders Pharmacies Ltd.,"1 Churchill Drive, Caia Park, WREXHAM, Clwyd, LL13 9HH, UK",1089696,Registered
Alexander's Pharmacies Ltd.,Alexanders Pharmacies Ltd.,"2-3 Stryt Issa, Penycae, WREXHAM, Clwyd, LL14 2PN, UK",1072854,Registered
Alexander's Pharmacies Ltd.,Alexanders Pharmacies Ltd.,"52 - 53 Peris, Plas Madoc, Acrefair, WREXHAM, Clwyd, LL14 3LF, UK",1043183,Registered
Alexanders' Pharmacy,Alexanders' Pharmacy Limited,"51 Stuart Road, Crosby, LIVERPOOL, Merseyside, L23 0QE, UK",1034594,Registered
Alexandra Pharmacy,ISH HEALTHCARE LTD,"190 Alexandra Avenue, HARROW, Middlesex, HA2 9BN, UK",1034963,Registered
Alexandria Pharmacy,Ashwani Kumar Mohindra,"11 Alexandria Drive, LYTHAM ST ANNES, Lancashire, FY8 1JF, UK",1033417,Registered
Ali-Chemist,Hashmats Pharma Ltd,"123 The Broadway, SOUTHALL, Middlesex, UB1 1LW, UK",1035112,Registered
Alis Pharmacy,Date Palm Ltd,"93 Watney Street, LONDON, E1 2QE, UK",1039991,Registered
Alisha Pharmacy,Ravi Ltd,"257 Acton Lane, LONDON, W4 5DG, UK",1041405,Registered
Alisons Chemist,Health Pharm (Leicester) Ltd,"56 Kingsley Park Terrace, NORTHAMPTON, Northamptonshire, NN2 7HH, UK",1035463,Registered
Alium Medical Limited,Alium Medical Limited,"Unit 7, Capital Business Park, Manor Way, BOREHAMWOOD, Hertfordshire, WD6 1GW, UK",1092220,Registered
All Day Pharmacy LLP,All Day Pharmacy LLP,"Falcon House Unit 15, Lawnhurst Trading Estate, Cheadle Heath, STOCKPORT, Cheshire, SK3 0XT, UK",1104504,Registered
All Saints Pharmacy,3H Pharmacies Ltd,"Unit 1 All Saints Road, BURTON-ON-TRENT, Staffordshire, DE14 3LS, UK",1120106,Registered
All Saints Pharmacy,Prentex Limited,"91-93 Vicarage Road, WOLVERHAMPTON, West Midlands, WV2 1DR, UK",1091257,Registered
AllCare Pharmacy,Clinpharm Healthcare Limited,"674 Coventry Road, Small Heath, BIRMINGHAM, West Midlands, B10 0UU, UK",1092679,Registered
Allchin Pharmacy,Pringleton Limited,"28 England's Lane, LONDON, NW3 4UE, UK",1040571,Registered
Allcorn Chemists; T.A.,Suriakant Khetshi Virpal Shah,"197 St. James Road, CROYDON, Surrey, CR0 2BZ, UK",1036503,Registered
Allcures Pharmacy,Allcures Plc,"16 Kings Parade, STANFORD-LE-HOPE, Essex, SS17 0HP, UK",1031389,Registered
Allcures Pharmacy,Allcures Plc,"562 Whitmore Way, BASILDON, Essex, SS14 2ER, UK",1031032,Registered
Allcures Pharmacy,Allcures Plc,"144 Clay Hill Road, BASILDON, Essex, SS16 5DF, UK",1031015,Registered
Allcures Pharmacy,Allcures Plc,"7 Felmores End, Felmores, BASILDON, Essex, SS13 1PN, UK",1031016,Registered
Allcures Pharmacy,Allcures Plc,"1 Marshview Court, London Road, Vange, BASILDON, Essex, SS16 4QW, UK",1031022,Registered
Allcures Pharmacy,Allcures Plc,"Unit 1 Stanford House, Princess Margaret Road, East Tilbury, GRAYS, Essex, RM18 8YP, UK",1031187,Registered
Allcures Pharmacy,Allcures Plc,"331 West Green Road, Tottenham, LONDON, N15 3PB, UK",1040449,Registered
Allcures Pharmacy,Allcures Plc,"62 High Street, GRAYS, Essex, RM17 6NA, UK",1091167,Registered
Allcures Pharmacy,Allcures.Com (2006) Limited,"19 Lampits Hill, Corringham, STANFORD-LE-HOPE, Essex, SS17 9AA, UK",1031391,Registered
Allcures.Com (2006) Ltd,Allcures.Com (2006) Limited,"Allcures House, Arisdale Avenue, SOUTH OCKENDON, Essex, RM15 5TT, UK",1086373,Registered
Allen & Barnfield Chemists Ltd,Allen & Barnfield Chemists Ltd,"Foxhill Medical Centre, 415 Foxhill Road, SHEFFIELD, S6 1BG, UK",1117825,Registered
Allen Pharmacy,Newingdale Limited,"150 Albion Road, LONDON, N16 9PA, UK",1073653,Registered
Allenby Chemist,Allenby Chemists Ltd,"251 Allenby Road, SOUTHALL, Middlesex, UB1 2HB, UK",1035110,Registered
Allendale Pharmacy,Kiani Healthcare Ltd,"3 Shield Street, Allendale, HEXHAM, Northumberland, NE47 9BP, UK",1035856,Registered
Allens Pharmacy,S V Pharmacies Ltd.,"19 Electric Parade, George Lane, South Woodford, LONDON, E18 2LY, UK",1040232,Registered
Allen's Pharmacy,Parveen Singh Bhamra,"19 Castalia Square, Isle of Dogs, LONDON, E14 3PQ, UK",1040173,Registered
Allerton Pharmacy,Rimmingtons Enterprises Limited,"Bell Dean Road, Allerton, BRADFORD, West Yorkshire, BD15 7WA, UK",1089115,Registered
Allesley Chemist,G.S. Amar Limited,"134 Birmingham Road, Allesley, COVENTRY, West Midlands, CV5 9HA, UK",1038221,Registered
Allestree Pharmacy,Allestree Healthcare Ltd,"504 Duffield Road, Allestree, DERBY, Derbyshire, DE22 2DL, UK",1030342,Registered
Allied Pharmacy,Sharief Healthcare Limited,"9 High Street, Ormesby, MIDDLESBROUGH, Cleveland, TS7 9PD, UK",1029943,Registered
Allied Pharmacy - Green Lane,Sharief Healthcare Limited,"17 Green Lane, Stoneycroft, LIVERPOOL, L13 7DT, UK",1109007,Registered
Allied Pharmacy (Mesnes Street),SKA Healthcare Limited,"91A-91B Mesnes Street, WIGAN, Lancashire, WN1 1QJ, UK",1087916,Registered
Allied Pharmacy -Skelton Lane,Oakfield Pharma Limited,"22 Chapel Street, Woodhouse, SHEFFIELD, South Yorkshire, S13 7JN, UK",1039277,Registered
Allisons Chemist,Bounce Healthcare Ltd,"43 Moss Way, Croxteth, LIVERPOOL, Merseyside, L11 0BL, UK",1034537,Registered
Alloway Pharmacy,Alloway Healthcare Limited,"21 Alloway, AYR, Ayrshire, KA7 4PY, UK",1041789,Registered
Alneburgh Pharmacy Ltd.,Alneburgh Pharmacy Ltd,"Alneburgh House, Ewanrigg Road, MARYPORT, Cumbria, CA15 8EL, UK",1084677,Registered
Alness Pharmacy,Buchanhaven Pharmacy Ltd,"12-14 High Street, ALNESS, Ross-Shire, IV17 0PS, UK",1103765,Registered
Alpha Chemist,Abdul Ghafoor,"7 Green'S End, Woolwich, LONDON, SE18 6HX, UK",1116649,Registered
Alpha Chemist,Ravalia Pharm Ltd,"480 Church Road, NORTHOLT, Middlesex, UB5 5AU, UK",1035051,Registered
Alpha Pharmacy,Alpha Pharmacy Limited,"18 Commerce Road, Wood Green, LONDON, N22 8ED, UK",1040518,Registered
Alpha Pharmacy,Alpharm Limited,"468 Stafford Road, Oxley, WOLVERHAMPTON, West Midlands, WV10 6AN, UK",1038627,Registered
Alpha Pharmacy,NS Pharma Limited,"193 Edgware Road, The Hyde, LONDON, NW9 6LP, UK",1040656,Registered
Alpharm Chemist,Abdul Ghafoor,"116 Plumstead High Street, Plumstead, LONDON, SE18 1SJ, UK",1094661,Registered
Alpharm Chemist Ltd.,Mehboob Fatehalli Vaiya,"224 Loughborough Road, LEICESTER, Leicestershire, LE4 5LG, UK",1034092,Registered
Alphington Pharmacy,George Wickham Limited,"25 Ide Lane, Alphington, EXETER, Devon, EX2 8UP, UK",1092191,Registered
Alrewas Pharmacy,Alrewas Pharmacy Limited,"120A Main Street, Alrewas, BURTON-ON-TRENT, Staffordshire, DE13 7AE, UK",1036890,Registered
Alsager Pharmacy,Sharief Healthcare Limited,"25 Lawton Road, Alsager, STOKE-ON-TRENT, Staffordshire, ST7 2AA, UK",1037048,Registered
Al-Shafa Pharmacy,Avantgarde Pharma Ltd,"Unit 2-3, 41 Caldmore Green, WALSALL, WS1 3RW, UK",1110406,Registered
Al-Shafa Pharmacy,Ipharma Ltd,"267 Dewsbury Road, Beeston, LEEDS, West Yorkshire, LS11 5HZ, UK",1104967,Registered
Al-Shifa Pharmacy,Tri Healthcare (UK) limited,"Unit 8, 164 Lozells Road, BIRMINGHAM, B19 2SX, UK",1109929,Registered
Alston Pharmacy,Alston Pharmacy Limited,"Front Street, ALSTON, Cumbria, CA9 3QP, UK",1030132,Registered
Alsyed Pharmacy,YORK ROAD ENTERPRISES LTD,"230 York Road, LEEDS, West Yorkshire, LS9 9BP, UK",1039850,Registered
Altwood Pharmacy,Altwood Pharmacy Ltd.,"47 Wootton Way, MAIDENHEAD, Berkshire, SL6 4QZ, UK",1028931,Registered
Alveston Pharmacy,Matrix Pharmacy Ltd,"2 Greenhill Parade, Alveston, BRISTOL, Avon, BS35 3LU, UK",1094101,Registered
Alvin Rose Pharmacy,Unique Trading Ltd,"606 Longbridge Road, DAGENHAM, Essex, RM8 2AJ, UK",1031144,Registered
Alway Pharmacy,Tower Pharmacy Ltd,"5 Aberthaw Rise, Alway, NEWPORT, Gwent, NP19 9PT, UK",1098324,Registered
Alwoodley Pharmacy,Sutton Chase Ltd,"2 The Avenue, Alwoodley, LEEDS, West Yorkshire, LS17 7BE, UK",1039672,Registered
Amadis Chemist,Kenneth Amadi,"107 Abbey Street, Bermondsey, LONDON, SE1 3NP, UK",1040710,Registered
Amal Pharmacy,PharmaEthical Ltd,"Unit 3 Metcalfe Court, West Parkside, LONDON, SE10 0EL, UK",1101483,Registered
Aman Pharmacy J.A. Jones Limited,Aman Pharmacy (J.A.Jones) Limited,"70 Cwmamman Road, Glanamman, AMMANFORD, Dyfed, SA18 1DJ, UK",1043210,Registered
Amber Pharmacy,Amber Pharm Ltd,"Four Lane Ends, Horsley Woodhouse, ILKESTON, Derbyshire, DE7 6AX, UK",1092960,Registered
Ambrose Pharmacy,Prettygate Limited,"76 Ambrose Avenue, COLCHESTER, CO3 4LN, UK",1119466,Registered
Amco (Medway) Ltd.;,Amco (Medway) Ltd,"Bryant Road Pharmacy, 59-61 Bryant Road, Strood, ROCHESTER, Kent, ME2 3EP, UK",1032899,Registered
Amin Pharmacy,Carunion Ltd,"285-287 Brockley Road, Brockley, LONDON, SE4 2SA, UK",1040762,Registered
Amin Pharmacy,Mukesh Maganbhai Patel,"10 Kingsley Road, HOUNSLOW, Middlesex, TW3 1NP, UK",1034951,Registered
Amy Pharma Ltd,Amy Pharma Ltd,"53 Park Road, Crouch-End, LONDON, N8 8SY, UK",1040377,Registered
Anachem Pharmacy,P & U Mangal Limited,"210 Chessington Road, West Ewell, EPSOM, Surrey, KT19 9XA, UK",1036553,Registered
Ancora Healthcare Limited,Ancora Healthcare Limited,"291 Ashby Road, SCUNTHORPE, South Humberside, DN16 2AB, UK",1116386,Registered
Anderson & Spence,Anderson & Spence Ltd,"31 Fountainhall Road, ABERDEEN, Aberdeenshire, AB15 4EW, UK",1041602,Registered
Anderson Chemist,Parkfield Pharmacy Ltd,"311 Dudley Road, Fighting Cocks, WOLVERHAMPTON, West Midlands, WV2 3JY, UK",1038589,Registered
Andres Pharmacy,Greystone Limited,"261 Preston Road, HARROW, Middlesex, HA3 0PS, UK",1034998,Registered
Andrew Bass Pharmacy,Goodcare Dusks Ltd,"1148 Green Lane, Becontree Heath, DAGENHAM, Essex, RM8 1BP, UK",1031140,Registered
Andrew Hughes Chemist,Cmam Pharmacy Limited,"Unit 4, Bridgewater Shopping Centre, ERSKINE, Renfrewshire, PA8 7AA, UK",1042876,Registered
Andrew J. Hales Pharmacy,Tandy Inc Limited,"35 St Isan Road, Heath, CARDIFF, South Glamorgan, CF14 4LU, UK",1043711,Registered
Andrew McCoig Pharmacy,Dejure Ltd,"367 Brighton Road, SOUTH CROYDON, Surrey, CR2 6ES, UK",1036743,Registered
Andrew McCoig Pharmacy,Medipharmacy Limited,"143 Wickham Road, Shirley, CROYDON, Surrey, CR0 8TE, UK",1036525,Registered
Andrew Phillips Pharmacy,AWJP Pharmacy Ltd,"24 Church Road, Ton Pentre, PENTRE, Mid Glamorgan, CF41 7EB, UK",1043581,Registered
Andrew Tylee Ltd.;,Andrew Tylee Limited,"25 Hyde Park Road, LEEDS, West Yorkshire, LS6 1PY, UK",1039751,Registered
Andrew; C.W.,Shilcroft Limited,"32 High Road, East Finchley, LONDON, N2 9PJ, UK",1040317,Registered
Andrews Chemists,Mapak Chemists Ltd,"104 High Street, WARE, Hertfordshire, SG12 9AP, UK",1032357,Registered
Andrews Pharmacy,Norman Waidhofer,"149b Sloane Street, LONDON, SW1X 9BZ, UK",1040993,Registered
Andrews Pharmacy,Questpark Limited,"9 Canons Corner, EDGWARE, Middlesex, HA8 8AE, UK",1034842,Registered
Andrews Pharmacy Ltd,Andrews Pharmacy Ltd,"71 Kennedy Avenue, MACCLESFIELD, Cheshire, SK10 3DE, UK",1112026,Registered
Angies Chemist,Med X Drug Ltd,"3 High Street, PINNER, Middlesex, HA5 5PJ, UK",1035078,Registered
Angie's Pharmacy,Anikchem Limited,"96 Craven Park, Harlesden, LONDON, NW10 4AG, UK",1040675,Registered
Anglesea Healthy Living Centre,Amco (Medway) Ltd,"1 Kent Road, St. Mary Cray, ORPINGTON, Kent, BR5 4AD, UK",1097324,Registered
Anji's Pharmacy,Anji's Pharmacy Limited,"335 Lea Bridge Road, LONDON, E10 7LA, UK",1040124,Registered
Anlaby Road Pharmacy,PHARMEDIX LTD,"442 Anlaby Road, HULL, North Humberside, HU3 6QP, UK",1032048,Registered
Anmol Pharmacy,Anmolharsukh Limited,"97 North Road, SOUTHALL, Middlesex, UB1 2JW, UK",1106485,Registered
Anna Pharmacy,Anna Healthcare Ltd,"398 Green Wrythe Lane, CARSHALTON, Surrey, SM5 1JF, UK",1036459,Registered
Annfield Plain Pharmacy,Avicenna Retail Ltd,"3 West Road, Annfield Plain, STANLEY, County Durham, DH9 7XA, UK",1029497,Registered
Anstey Road Pharmacy,Anstey Road Business Limited,"Alton Health Centre, Anstey Road, ALTON, Hampshire, GU34 2QX, UK",1108930,Registered
Anstice Pharmacy,Avicenna Retail Ltd,"7 Anstice Square, Madeley, TELFORD, Shropshire, TF7 5BD, UK",1100144,Registered
APA Ltd,APA Ltd.,"8 Alder Drive, Hoghton, PRESTON, Lancashire, PR5 0AD, UK",1091671,Registered
Apek Pharmacy,Way-Step Ltd,"107 Praed Street, LONDON, W2 1NT, UK",1041373,Registered
Apex Pharmacy,Apex Pharm Ltd,"Suite 1, 177 Lees Road, OLDHAM, OL4 1JP, UK",1116171,Registered
Apex Pharmacy,GB Healthcare Ltd,"199 Old Street, LONDON, EC1V 9NP, UK",1040248,Registered
Apex Pharmacy,GB Healthcare Ltd,"204 Essex Road, LONDON, N1 3AP, UK",1040296,Registered
Apollo Pharmacy,Hamilton Portman Ltd,"5A Park Square, Milton, ABINGDON, Oxfordshire, OX14 4RR, UK",1112088,Registered
Apple Pharmacy,Apple Healthcare Edinburgh Ltd,"65-67 Dalry Road, EDINBURGH, Midlothian, EH11 2BZ, UK",1042651,Registered
Apple Pharmacy,Thistle Med Ltd,"11 Mossvale Crescent, GLASGOW, Lanarkshire, G33 5NZ, UK",1089756,Registered
Apple Tree Pharmacy,Maurice Anthony Ltd,"6 Chelmer Village Centre, CHELMSFORD, Essex, CM2 6RF, UK",1031068,Registered
Applegate Pharmacy,Paul Applegate Ltd.,"132 Alfreton Road, NOTTINGHAM, Nottinghamshire, NG7 3NS, UK",1035596,Registered
Appleton Village Pharmacy,Aim Rx Ltd,"Appleton Village, WIDNES, Cheshire, WA8 6EQ, UK",1117026,Registered
Appley Bridge Pharmacy,Langho Pharmacy Ltd,"53 Woodnook Road, Appley Bridge, WIGAN, Lancashire, WN6 9JR, UK",1089958,Registered
Apteka Chemist,DOZ UK Limited,"179 Seven Sisters Road, Finsbury Park, LONDON, N4 3NS, UK",1040338,Registered
Aqsa Pharmacy,Aqsa And Ryemead Pharmacy Limited,"91 London Road, HIGH WYCOMBE, Buckinghamshire, HP11 1BU, UK",1082873,Registered
Aqua Chemist,Wellcare (Harrow Weald) Ltd,"55 Bounces Road, Edmonton, LONDON, N9 8JE, UK",1040381,Registered
Aqua Pharmacy,Aqua Pharmacy Ltd,"52 Duke Street, IPSWICH, IP3 0AQ, UK",1115618,Registered
Aqua Pharmacy,Naspram Pharma Limited,"59 Mill Lane, West Hamstead, LONDON, NW6 1NB, UK",1123406,Registered
Aqueduct Pharmacy,Advance Pharmacies Ltd,"Majestic Way, TELFORD, Shropshire, TF4 3RB, UK",1091922,Registered
ARC Pharmacy,Avicenna Retail Ltd,"Portholme Road, SELBY, North Yorkshire, YO8 4QH, UK",1038999,Registered
Arches Pharmacee,Medic8 Health Group Ltd,"Attenborough Court Owen Square, Aldenham Road, Opposite Bushey Station, WATFORD, WD19 4FN, UK",1116527,Registered
Archway Pharmacy,High Street Healthcare Limited,"19-21 Kimberworth Road, ROTHERHAM, South Yorkshire, S61 1AB, UK",1039222,Registered
Ardersier Pharmacy,John Ross (Chemists) Ltd.,"10 High Street, Ardersier, INVERNESS, Inverness-Shire, IV2 7QB, UK",1042149,Registered
Areley Kings Pharmacy,Matrix Pharmacy Ltd,"38 Areley Common, Areley Kings, STOURPORT-ON-SEVERN, Worcestershire, DY13 0NQ, UK",1093384,Registered
Ariana Pharmacy,Aiam Limited,"472 Greenford Road, GREENFORD, Middlesex, UB6 8SQ, UK",1117685,Registered
Arlesey Pharmacy,Shivson Limited,"31 High Street, ARLESEY, Bedfordshire, SG15 6RA, UK",1028782,Registered
Arley Pharmacy,Arley Primary Care Services Limited,"Rowland Court Community Centre, Arley, COVENTRY, Warwickshire, CV7 8PF, UK",1116812,Registered
Arlington Road Pharmacy,Arlington Road Healthcare LLP,"Arlington Road Medical Practice, 1 Arlington Road, EASTBOURNE, East Sussex, BN21 1DH, UK",1118305,Registered
Armada Pharmacies Ltd,Armada Pharmacies Ltd,"1 Drake House, Drake Road, Chafford Hundred, GRAYS, Essex, RM16 6RX, UK",1085011,Registered
Armley Pharmacy,Armley Enterprises Ltd,"62 Armley Ridge Road, LEEDS, West Yorkshire, LS12 3NP, UK",1039674,Registered
Armley Pharmacy,Basit Hussain,"90-91A Town Street, Armley, LEEDS, LS12 3HD, UK",1112065,Registered
Armstrong Pharmacy,Hyperchem Limited,"279 Green Lanes, LONDON, N4 2EX, UK",1114285,Registered
Armstrong's Pharmacy,N. Armstrong Ltd,"867-9 Gleadless Road, SHEFFIELD, South Yorkshire, S12 2LG, UK",1039303,Registered
Arnolds Pharmacy,Arnolds Pharmacy Limited,"21 Nelson Road, Westward Ho, BIDEFORD, Devon, EX39 1LF, UK",1030681,Registered
Arran Pharmacy,Arran Pharmacy Ltd,"Brodick, ISLE OF ARRAN, Ayrshire, KA27 8AJ, UK",1041827,Registered
Arran Pharmacy Ltd,Arran Pharmacy Ltd,"Redhouse Pharmacy, Lamlash, Brodick, ISLE OF ARRAN, KA27 8LS, UK",1041930,Registered
Arran Pharmacy Ltd,Arran Pharmacy Ltd,"Shore Road, Whiting Bay, Brodick, ISLE OF ARRAN, KA27 8PR, UK",1041931,Registered
Arrowedge Ltd.,Arrowedge Ltd,"12 Neighbourhood Centre, Culliford Crescent, POOLE, Dorset, BH17 9DW, UK",1030585,Registered
Arrowedge Ltd.,Arrowedge Ltd,"188b The Broadway, Lower Blanford Road, BROADSTONE, Dorset, BH18 8DP, UK",1030469,Registered
Arrowedge Ltd.,Arrowedge Ltd,"62 Poole Road, Westbourne, BOURNEMOUTH, Dorset, BH4 9DZ, UK",1030509,Registered
Arun Valley Pharmacy,Medaldi Limited,"38 Station Road, BILLINGSHURST, West Sussex, RH14 9SE, UK",1111225,Registered
Ascot Pharmacy,Pillbox Chemists Ltd,"17 Brockenhurst Road, South Ascot, ASCOT, Berkshire, SL5 9DJ, UK",1028895,Registered
Asda Pharmacy,Asda Stores Ltd,"Asda Superstore, Highwood Lane, Patchway, BRISTOL, Avon, BS34 5TL, UK",1028656,Registered
Asda Pharmacy,Asda Stores Ltd,"Asda, Holmer Farm Way, HIGH WYCOMBE, Buckinghamshire, HP12 4NU, UK",1029125,Registered
Asda Pharmacy,Asda Stores Ltd,"Derby Road, Spondon, DERBY, Derbyshire, DE21 7UY, UK",1030344,Registered
Asda Pharmacy,Asda Stores Ltd,"Asda, Parkhouse Road, CARLISLE, Cumbria, CA3 0JQ, UK",1030181,Registered
Asda Pharmacy,Asda Stores Ltd,"ASDA Superstore, Burton Road, KENDAL, Cumbria, LA9 7JA, UK",1030203,Registered
Asda Pharmacy,Asda Stores Ltd,"Asda Stores Ltd, Allensway, Thornaby Shopping Centre, THORNABY, Cleveland, TS17 9EN, UK",1030007,Registered
Asda Pharmacy,Asda Stores Ltd,"ASDA Superstore, Marina Way, HARTLEPOOL, Cleveland, TS24 0XR, UK",1029909,Registered
Asda Pharmacy,Asda Stores Ltd,"Asda Superstore, Eastgate Shopping Centre, BASILDON, Essex, SS14 1JH, UK",1031026,Registered
Asda Pharmacy,Asda Stores Ltd,"Asda Store, Unit 4 Merrielands Crescent, DAGENHAM, Essex, RM9 6SR, UK",1031147,Registered
Asda Pharmacy,Asda Stores Ltd,"Asda Superstores (Foyer), North Shoebury Road, Shoeburyness, SOUTHEND-ON-SEA, Essex, SS3 8DA, UK",1031421,Registered
Asda Pharmacy,Asda Stores Ltd,"Asda, Bruton Way, GLOUCESTER, Gloucestershire, GL1 1DS, UK",1031551,Registered
Asda Pharmacy,Asda Stores Ltd,"ASDA Superstore, West Meade, FARNBOROUGH, Hampshire, GU14 7LT, UK",1031729,Registered
Asda Pharmacy,Asda Stores Ltd,"Asda Superstore, Kingswood Retail Park, Bude Road, HULL, HU7 3DA, UK",1032062,Registered
Asda Pharmacy,Asda Stores Ltd,"Asda Store, Main Road, Bilton, HULL, North Humberside, HU11 4AL, UK",1032113,Registered
Asda Pharmacy,Asda Stores Ltd,"Asda Superstore, Odhams Trading Estate, St Albans Road, WATFORD, Hertfordshire, WD24 7RS, UK",1032403,Registered
Asda Pharmacy,Asda Stores Ltd,"Holles Street, GRIMSBY, South Humberside, DN32 9DL, UK",1032480,Registered
Asda Pharmacy,Asda Stores Ltd,"Asda Superstore, Phoenix Centre, Lloyds Road, CORBY, Northamptonshire, NN17 5DT, UK",1035402,Registered
Asda Pharmacy,Asda Stores Ltd,"ASDA Store, Cowpen Road, BLYTH, Northumberland, NE24 4LZ, UK",1035833,Registered
Asda Pharmacy,Asda Stores Ltd,"ASDA Superstore, Radford Road, Hyson Green, NOTTINGHAM, Nottinghamshire, NG7 5FP, UK",1035714,Registered
Asda Pharmacy,Asda Stores Ltd,"Asda Superstore, 184 Loughborough Road, West Bridgford, NOTTINGHAM, Nottinghamshire, NG2 7HZ, UK",1035677,Registered
Asda Pharmacy,Asda Stores Ltd,"Asda Superstore, Creechbarrow Road, TAUNTON, Somerset, TA1 2AN, UK",1036348,Registered
Asda Pharmacy,Asda Stores Ltd,"ASDA Superstore, Crumbles Harbour Village, Pevensey Bay Road, EASTBOURNE, East Sussex, BN23 6JH, UK",1036183,Registered
Asda Pharmacy,Asda Stores Ltd,"Pharmacy Department, c/o Asda, The Marina, BRIGHTON, East Sussex, BN2 5UT, UK",1036140,Registered
Asda Pharmacy,Asda Stores Ltd,"Old Potts Way, SHREWSBURY, Shropshire, SY3 7ET, UK",1036047,Registered
Asda Pharmacy,Asda Stores Ltd,"Asda, Marlow Way, CROYDON, Surrey, CR0 4XS, UK",1036515,Registered
Asda Pharmacy,Asda Stores Ltd,"Asda Store, Wolstanton Retail Park, Wolstanton, NEWCASTLE, Staffordshire, ST5 0AP, UK",1036954,Registered
Asda Pharmacy,Asda Stores Ltd,"Asda, Goddard Road, IPSWICH, Suffolk, IP1 5PD, UK",1037167,Registered
Asda Pharmacy,Asda Stores Ltd,"ASDA Superstore, Metro Centre Retail Park, Gibside Way; Metrocentre, GATESHEAD, Tyne and Wear, NE11 9YA, UK",1037469,Registered
Asda Pharmacy,Asda Stores Ltd,"ASDA Stores, Hollywood Avenue, Gosforth, NEWCASTLE UPON TYNE, Tyne and Wear, NE3 5BU, UK",1037558,Registered
Asda Pharmacy,Asda Stores Ltd,"ASDA Superstore, Acle New Road, Vauxhall, GREAT YARMOUTH, Norfolk, NR30 1SF, UK",1035234,Registered
Asda Pharmacy,Asda Stores Ltd,"Asda Store, Ormskirk Road, Aintree, LIVERPOOL, Merseyside, L10 3LN, UK",1034552,Registered
Asda Pharmacy,Asda Stores Ltd,"Narborough Road South, Braunstone, LEICESTER, Leicestershire, LE3 2LL, UK",1034118,Registered
Asda Pharmacy,Asda Stores Ltd,"Asda Superstore, Barwell Lane, HINCKLEY, Leicestershire, LE10 1SS, UK",1034003,Registered
Asda Pharmacy,Asda Stores Ltd,"ASDA Superstore, Soho Street, WIGAN, Lancashire, WN5 0XA, UK",1033982,Registered
Asda Pharmacy,Asda Stores Ltd,"Asda Superstores, Fullwood District Centre, Fullwood, PRESTON, Lancashire, PR2 9PR, UK",1033813,Registered
Asda Pharmacy,Asda Stores Ltd,"Asda, Pilsworth Road, BURY, Lancashire, BL9 8RS, UK",1033287,Registered
Asda Pharmacy,Asda Stores Ltd,"ASDA Superstore, Princess Way, BURNLEY, Lancashire, BB12 0EQ, UK",1033319,Registered
Asda Pharmacy,Asda Stores Ltd,"Asda, Ovangle Road, LANCASTER, Lancashire, LA1 5JR, UK",1033395,Registered
Asda Pharmacy,Asda Stores Ltd,"Brackley Street, Farnworth, BOLTON, Lancashire, BL4 9DT, UK",1033134,Registered
Asda Pharmacy,Asda Stores Ltd,"Halbeath Road, DUNFERMLINE, Fife, KY11 4LP, UK",1042071,Registered
Asda Pharmacy,Asda Stores Ltd,"Asda Superstore, Carberry Place, Mitchleson Industrial Estate, KIRKCALDY, Fife, KY1 3NG, UK",1042097,Registered
Asda Pharmacy,Asda Stores Ltd,"ASDA Superstore; Forge Cnt., 1300 Duke Street, Parkhead Forge, GLASGOW, Lanarkshire, G31 4EB, UK",1042337,Registered
Asda Pharmacy,Asda Stores Ltd,"Asda Superstore, Jesmond Drive, Bridge Of Don, ABERDEEN, Aberdeenshire, AB22 8WQ, UK",1041617,Registered
Asda Pharmacy,Asda Stores Ltd,"Asda Superstore Shopping Ctr, Aberdeen South Approach, Portlethen, ABERDEEN, Aberdeenshire, AB12 4XP, UK",1041631,Registered
Asda Pharmacy,Asda Stores Ltd,"ASDA Superstore, 130 Chase Side, Southgate, LONDON, N14 5PW, UK",1040431,Registered
Asda Pharmacy,Asda Stores Ltd,"Asda; Park Royal Ind. Estate, Park Royal Road, Ealing, LONDON, NW10 7LW, UK",1040690,Registered
Asda Pharmacy,Asda Stores Ltd,"Asda Superstore, Roehampton Vale, Roehampton, LONDON, SW15 3DT, UK",1041159,Registered
Asda Pharmacy,Asda Stores Ltd,"ASDA, Aldwarke Lane, ROTHERHAM, South Yorkshire, S65 3SW, UK",1039193,Registered
Asda Pharmacy,Asda Stores Ltd,"ASDA Superstore, Bradford Road, HUDDERSFIELD, West Yorkshire, HD2 2LQ, UK",1039587,Registered
Asda Pharmacy,Asda Stores Ltd,"Asda, Jack Haywood Way Off Waterloo Road, WOLVERHAMPTON, West Midlands, WV1 4DE, UK",1038609,Registered
Asda Pharmacy,Asda Stores Ltd,"ASDA Supers Ltd, Brickhouse Lane South, Great Bridge, TIPTON, West Midlands, DY4 7HW, UK",1038595,Registered
Asda Pharmacy,Asda Stores Ltd,"Walmley Ash Road, Minworth, SUTTON COLDFIELD, West Midlands, B76 1XL, UK",1038453,Registered
Asda Pharmacy,Asda Stores Ltd,"Asda Superstore, Coventry Road, Small Heath, BIRMINGHAM, West Midlands, B10 0HH, UK",1037935,Registered
Asda Pharmacy,Asda Stores Ltd,"Asda, Newtown Road, NUNEATON, Warwickshire, CV11 4FL, UK",1037810,Registered
Asda Pharmacy,Asda Stores Ltd,"North Road, Boldon Colliery, Tyne & Wear, NE35 9AR, UK",1037690,Registered
Asda Pharmacy,Asda Stores Ltd,"The Hypermarket, Whitley Road, Benton, WHITLEY BAY, Tyne and Wear, NE12 9HN, UK",1037745,Registered
Asda Pharmacy,Asda Stores Ltd,"Asda Store, Sturry Road, CANTERBURY, Kent, CT1 1DG, UK",1084980,Registered
Asda Pharmacy,Asda Stores Ltd,"Wednesbury Oak Road, TIPTON, West Midlands, DY4 0BP, UK",1084698,Registered
Asda Pharmacy,Asda Stores Ltd,"Asda Superstore, Greehithe Station Road, GREENHITHE, Kent, DA9 9BT, UK",1085051,Registered
Asda Pharmacy,Asda Stores Ltd,"Sefton Hospital Site, Smithdown Road, LIVERPOOL, Merseyside, L15 3JR, UK",1086451,Registered
Asda Pharmacy,Asda Stores Ltd,"Asda Stores Ltd, Warren Street, STOCKPORT, Cheshire, SK1 1UA, UK",1086313,Registered
Asda Pharmacy,Asda Stores Ltd,"Marshall Road, Leyton High Street, LONDON, E10 5NH, UK",1086063,Registered
Asda Pharmacy,Asda Stores Ltd,"Asda Store, Brade Drive, COVENTRY, West Midlands, CV2 2PN, UK",1086146,Registered
Asda Pharmacy,Asda Stores Ltd,"Crowhurst Road, BRIGHTON, East Sussex, BN1 8AF, UK",1086212,Registered
Asda Pharmacy,Asda Stores Ltd,"Murray Street, LLANELLI, Carmarthenshire, SA15 1BX, UK",1087817,Registered
Asda Pharmacy,Asda Stores Ltd,"Sportcity, Ashton New Road, MANCHESTER, Lancashire, M11 4BD, UK",1087145,Registered
Asda Pharmacy,Asda Stores Ltd,"Mostyn Broadway, Conwy Road, LLANDUDNO, Gwynedd, LL30 1PJ, UK",1089920,Registered
Asda Pharmacy,Asda Stores Ltd,"Thrum Hall Lane, HALIFAX, West Yorkshire, HX1 4JT, UK",1088812,Registered
Asda Pharmacy,Asda Stores Ltd,"Asda Superstore, Longwood Drive, CORYTON, Cardiff, CF14 7EW, UK",1089352,Registered
Asda Pharmacy,Asda Stores Ltd,"Asda Superstore, Haydon Orbital Shopping Park, SWINDON, Wiltshire, SN25 4BG, UK",1090789,Registered
Asda Pharmacy,Asda Stores Ltd,"Asda Superstore, Dome Leisure Park, DONCASTER, Yorkshire, DN4 5NW, UK",1090790,Registered
Asda Pharmacy,Asda Stores Ltd,"Asda Superstore, Owlcotes Shopping Centre, PUDSEY, West Yorkshire, LS28 6AN, UK",1090791,Registered
Asda Pharmacy,Asda Stores Ltd,"Asda Superstore, Edgeware Road, Colindale, LONDON, NW9 0AS, UK",1090792,Registered
Asda Pharmacy,Asda Stores Ltd,"Asda Superstore, Old Mill Lane, BARNSLEY, South Yorkshire, S71 1LN, UK",1090793,Registered
Asda Pharmacy,Asda Stores Ltd,"Asda Superstore, Atherleigh Way, LEIGH, Lancashire, WN7 5RZ, UK",1090588,Registered
Asda Pharmacy,Asda Stores Ltd,"Asda Stores, St Pauls Road, BOURNEMOUTH, Dorset, BH8 8DL, UK",1082653,Registered
Asda Pharmacy,Asda Stores Ltd,"Asda Superstore, Leechmere Road Industrial Estate, Grangetown, SUNDERLAND, Tyne and Wear, SR2 9TT, UK",1073433,Registered
Asda Pharmacy,Asda Stores Ltd,"Asda Superstore, Forty Lane, WEMBLEY, Middlesex, HA9 9EX, UK",1072894,Registered
Asda Pharmacy,Asda Stores Ltd,"Asda Superstore, Riverside Retail Park, Off Pilkington Way, MANCHESTER, Lancashire, M26 3DA, UK",1072895,Registered
Asda Pharmacy,Asda Stores Ltd,"Asda Superstore, Sea View Road, Liscard, WALLASEY, Merseyside, CH45 4NZ, UK",1072896,Registered
Asda Pharmacy,Asda Stores Ltd,"Asda Superstore, Saughs Road, Robroyston, GLASGOW, Lanarkshire, G33 1PR, UK",1074455,Registered
Asda Pharmacy,Asda Stores Ltd,"Asda Superstore, Pontygwindy Road, CAERPHILLY, Mid Glamorgan, CF83 3SX, UK",1043540,Registered
Asda Pharmacy,Asda Stores Ltd,"Asda Superstore, Pontprennau; Derring Road, North Pentwyn, CARDIFF, South Glamorgan, CF23 8NL, UK",1043733,Registered
Asda Pharmacy,Asda Stores Ltd,"Asda Store, 100 The Jewel, Brunstane, EDINBURGH, Midlothian, EH15 3AR, UK",1042687,Registered
Asda Pharmacy,Asda Stores Ltd,"Asda, Dunkeld Road, PERTH, Perthshire, PH1 5AP, UK",1042825,Registered
Asda Pharmacy,Asda Stores Ltd,"ASDA Superstore, 1 Tryst Road, Cumbernauld, GLASGOW, Lanarkshire, G67 1JW, UK",1042513,Registered
Asda Pharmacy,Asda Stores Ltd,"Pencarn Way, Duffryn, NEWPORT, Gwent, NP10 8XL, UK",1043417,Registered
Asda Pharmacy,Asda Stores Ltd,"Reigate Road, Burgh Heath, TADWORTH, Surrey, KT20 5NZ, UK",1111605,Registered
Asda Pharmacy,Asda Stores Ltd,"Woodall Street, Bloxwich, WALSALL, WS3 3JR, UK",1111606,Registered
Asda Pharmacy,Asda Stores Ltd,"161 High Street, RAMSGATE, Kent, CT11 9TT, UK",1111607,Registered
Asda Pharmacy,Asda Stores Ltd,"Silver Street, Lowesmoor, WORCESTER, WR1 2DA, UK",1111608,Registered
Asda Pharmacy,Asda Stores Ltd,"Breck Road, Everton, LIVERPOOL, L5 6PX, UK",1112268,Registered
Asda Pharmacy,Asda Stores Ltd,"Cromwell Road, ST. AUSTELL, Cornwall, PL25 4PR, UK",1112269,Registered
Asda Pharmacy,Asda Stores Ltd,"St. Lawrence Way, Darlaston, WEDNESBURY, West Midlands, WS10 8UZ, UK",1112309,Registered
Asda Pharmacy,Asda Stores Ltd,"Unit 5, Newcastle Shopping Centre, Fossway Byker, NEWCASTLE UPON TYNE, NE6 2XP, UK",1109708,Registered
Asda Pharmacy,Asda Stores Ltd,"Handsworth Road, Handsworth, SHEFFIELD, S13 9BN, UK",1109648,Registered
Asda Pharmacy,Asda Stores Ltd,"222 Grange Road, BIRKENHEAD, Merseyside, CH41 6EB, UK",1109649,Registered
Asda Pharmacy,Asda Stores Ltd,"Lombard Street, NEWARK, Nottinghamshire, NG24 1XG, UK",1110269,Registered
Asda Pharmacy,Asda Stores Ltd,"Newark Road, North Hykeham, LINCOLN, LN6 8JY, UK",1108648,Registered
Asda Pharmacy,Asda Stores Ltd,"Manor Lane, SHIPLEY, West Yorkshire, BD18 3RY, UK",1108649,Registered
Asda Pharmacy,Asda Stores Ltd,"Spring Street, BURY, Lancashire, BL9 0RN, UK",1107785,Registered
Asda Pharmacy,Asda Stores Ltd,"Holt Road, Adel, LEEDS, West Yorkshire, LS16 7RY, UK",1107786,Registered
Asda Pharmacy,Asda Stores Ltd,"Byron Place, South Terrace, SEAHAM, County Durham, SR7 7HN, UK",1106745,Registered
Asda Pharmacy,Asda Stores Ltd,"Old Horns Crescent, BIRMINGHAM, West Midlands, B43 7HA, UK",1107235,Registered
Asda Pharmacy,Asda Stores Ltd,"Bingley Street, KEIGHLEY, West Yorkshire, BD21 3ER, UK",1100163,Registered
Asda Pharmacy,Asda Stores Ltd,"Surtees Road, PETERLEE, County Durham, SR8 5HA, UK",1100164,Registered
Asda Pharmacy,Asda Stores Ltd,"Unit 20 Hunts Cross Shopping Park, Speke Hall Road, LIVERPOOL, Merseyside, L24 9GB, UK",1100864,Registered
Asda Pharmacy,Asda Stores Ltd,"Kimberley Way, ASHFORD, Kent, TN24 0SE, UK",1100865,Registered
Asda Pharmacy,Asda Stores Ltd,"Lintonville Terrace, ASHINGTON, Northumberland, NE63 9XG, UK",1101366,Registered
Asda Pharmacy,Asda Stores Ltd,"Midland Street, Long Eaton, NOTTINGHAM, Nottinghamshire, NG10 1NY, UK",1101583,Registered
Asda Pharmacy,Asda Stores Ltd,"Walsall Road, Perry Barr, BIRMINGHAM, West Midlands, B42 1AA, UK",1101584,Registered
Asda Pharmacy,Asda Stores Ltd,"Utting Avenue, LIVERPOOL, Merseyside, L4 9XU, UK",1101585,Registered
Asda Pharmacy,Asda Stores Ltd,"Leypark Drive, PLYMOUTH, Devon, PL6 8TB, UK",1101586,Registered
Asda Pharmacy,Asda Stores Ltd,"Unit C, Killingbeck Drive, LEEDS, West Yorkshire, LS14 6UF, UK",1101587,Registered
Asda Pharmacy,Asda Stores Ltd,"Whinbush Way, DARLINGTON, County Durham, DL1 3RB, UK",1105063,Registered
Asda Pharmacy,Asda Stores Ltd,"Warminster Road, FROME, Somerset, BA11 5LA, UK",1105064,Registered
Asda Pharmacy,Asda Stores Ltd,"Dunmail Park Shopping Centre, Maryport Road, WORKINGTON, Cumbria, CA14 1NQ, UK",1105323,Registered
Asda Pharmacy,Asda Stores Ltd,"Lower Audley Retail Park, Grimshaw Park Road, BLACKBURN, Lancashire, BB2 3DY, UK",1105324,Registered
Asda Pharmacy,Asda Stores Ltd,"Court Drive, DUNSTABLE, Bedfordshire, LU5 4JD, UK",1105325,Registered
Asda Pharmacy,Asda Stores Ltd,"Water Street, HYDE, Cheshire, SK14 1BD, UK",1105326,Registered
Asda Pharmacy,Asda Stores Ltd,"Northfield Avenue, KETTERING, Northamptonshire, NN16 9HU, UK",1105527,Registered
Asda Pharmacy,Asda Stores Ltd,"St. Andrews Lane, SPENNYMOOR, County Durham, DL16 6QB, UK",1105686,Registered
Asda Pharmacy,Asda Stores Ltd,"Trinity Trading Estate, Mill Way, SITTINGBOURNE, Kent, ME10 2PD, UK",1105687,Registered
Asda Pharmacy,Asda Stores Ltd,"The Marlands, Western Esplanade, Portland Terrace, SOUTHAMPTON, Hampshire, SO14 7EG, UK",1105688,Registered
Asda Pharmacy,Asda Stores Ltd,"Wesley Road, NOTTINGHAM, Nottinghamshire, NG16 4ED, UK",1105689,Registered
Asda Pharmacy,Asda Stores Ltd,"Battle Road, ST. LEONARDS-ON-SEA, East Sussex, TN37 7AA, UK",1105690,Registered
Asda Pharmacy,Asda Stores Ltd,"Scotia Road, STOKE-ON-TRENT, Staffordshire, ST6 6AT, UK",1103703,Registered
Asda Pharmacy,Asda Stores Ltd,"Off Windmill Lane, SMETHWICK, West Midlands, B66 3EN, UK",1103704,Registered
Asda Pharmacy,Asda Stores Ltd,"St. Nicholas Way, SUTTON, Surrey, SM1 1LD, UK",1103705,Registered
Asda Pharmacy,Asda Stores Ltd,"Craven Way, Barrs Court, BRISTOL, Avon, BS30 7DY, UK",1103306,Registered
Asda Pharmacy,Asda Stores Ltd,"South Church Road, BISHOP AUCKLAND, County Durham, DL14 7LB, UK",1104084,Registered
Asda Pharmacy,Asda Stores Ltd,"8-9 Wilkes Way, STOWMARKET, Suffolk, IP14 1DE, UK",1104209,Registered
Asda Pharmacy,Asda Stores Ltd,"Washington Centre, WASHINGTON, Tyne and Wear, NE38 7NF, UK",1093354,Registered
Asda Pharmacy,Asda Stores Ltd,"Sleaford Road, BOSTON, Lincolnshire, PE21 8EQ, UK",1093355,Registered
Asda Pharmacy,Asda Stores Ltd,"Pegler Way, CRAWLEY, West Sussex, RH11 7AH, UK",1093340,Registered
Asda Pharmacy,Asda Stores Ltd,"Turner Rise, COLCHESTER, Essex, CO4 5TU, UK",1095381,Registered
Asda Pharmacy,Asda Stores Ltd,"Wigmore Lane, LUTON, Bedfordshire, LU2 9TA, UK",1095382,Registered
Asda Pharmacy,Asda Stores Ltd,"The Bridge Shopping Centre, Somers Road North, PORTSMOUTH, Hampshire, PO1 1SL, UK",1095383,Registered
Asda Pharmacy,Asda Stores Ltd,"Arleston Lane, Sinfin, DERBY, Derbyshire, DE24 3BZ, UK",1095401,Registered
Asda Pharmacy,Asda Stores Ltd,"Anton Mill Road, ANDOVER, Hampshire, SP10 2RW, UK",1093208,Registered
Asda Pharmacy,Asda Stores Ltd,"Unit 9, Beehive Centre, Coldhams Lane, CAMBRIDGE, Cambridgeshire, CB1 3ER, UK",1093215,Registered
Asda Pharmacy,Asda Stores Ltd,"Tilley Road, FELTHAM, Middlesex, TW13 4BH, UK",1093216,Registered
Asda Pharmacy,Asda Stores Ltd,"Front Street, STANLEY, County Durham, DH9 0NB, UK",1096801,Registered
Asda Pharmacy,Asda Stores Ltd,"81 Strand Road, BOOTLE, Merseyside, L20 4BB, UK",1096821,Registered
Asda Pharmacy,Asda Stores Ltd,"387 Maidstone Road, CHATHAM, Kent, ME5 9SE, UK",1096701,Registered
Asda Pharmacy,Asda Stores Ltd,"Stanley Grove, Longsight, MANCHESTER, Lancashire, M12 4NH, UK",1096702,Registered
Asda Pharmacy,Asda Stores Ltd,"Bugsby's Way, LONDON, SE7 7ST, UK",1096703,Registered
Asda Pharmacy,Asda Stores Ltd,"Leeds Road, Glasshoughton, CASTLEFORD, West Yorkshire, WF10 5EL, UK",1096721,Registered
Asda Pharmacy,Asda Stores Ltd,"Rooley Lane, BRADFORD, West Yorkshire, BD4 7SR, UK",1096722,Registered
Asda Pharmacy,Asda Stores Ltd,"Thurrock Park Way, TILBURY, Essex, RM18 7HJ, UK",1097383,Registered
Asda Pharmacy,Asda Stores Ltd,"Chesterton Drive, LEAMINGTON SPA, Warwickshire, CV31 1YD, UK",1097384,Registered
Asda Pharmacy,Asda Stores Ltd,"Howley Park Road, Morley, LEEDS, West Yorkshire, LS27 0BP, UK",1097385,Registered
Asda Pharmacy,Asda Stores Ltd,"1 Westmall, LONDON, N9 0AL, UK",1097386,Registered
Asda Pharmacy,Asda Stores Ltd,"100 Princess Road, Hulme, MANCHESTER, Lancashire, M15 5AS, UK",1097387,Registered
Asda Pharmacy,Asda Stores Ltd,"Western Way, BURY ST. EDMUNDS, Suffolk, IP33 3SP, UK",1099068,Registered
Asda Pharmacy,Asda Stores Ltd,"Coronation Street, SOUTH SHIELDS, Tyne and Wear, NE33 1AZ, UK",1099585,Registered
Asda Pharmacy,Asda Stores Ltd,"Bosworth Drive, BIRMINGHAM, West Midlands, B37 5EX, UK",1099750,Registered
Asda Pharmacy,Asda Stores Ltd,"Imperial Retail Park, Thames Way, GRAVESEND, Kent, DA11 0DQ, UK",1099751,Registered
Asda Pharmacy,Asda Stores Ltd,"Speedfields Park, FAREHAM, Hampshire, PO14 1TT, UK",1099752,Registered
Asda Pharmacy,Asda Stores Ltd,"12 Chapel Street, RUGBY, Warwickshire, CV21 3EB, UK",1099753,Registered
Asda Pharmacy,Asda Stores Ltd,"Hyndburn Road, ACCRINGTON, Lancashire, BB5 1QR, UK",1091731,Registered
Asda Pharmacy,Asda Stores Ltd,"Off Old Mill Lane, Forest Town, MANSFIELD, Nottingham, NG19 0HA, UK",1091751,Registered
Asda Pharmacy,Asda Stores Ltd,"Preston Road, YEOVIL, Somerset, BA20 2HB, UK",1091752,Registered
Asda Pharmacy,Asda Stores Ltd,"Old Kent Road, Ossory Road, LONDON, SE1 5AG, UK",1091753,Registered
Asda Pharmacy,Asda Stores Ltd,"Victoria Centre, CREWE, CW1 2PT, UK",1091754,Registered
Asda Pharmacy,Asda Stores Ltd,"Union Street, GRANTHAM, Lincolnshire, NG31 6NZ, UK",1091755,Registered
Asda Pharmacy,Asda Stores Ltd,"Mill Street West, DEWSBURY, West Yorkshire, WF12 9AE, UK",1091756,Registered
Asda Pharmacy,Asda Stores Ltd,"1 Milne Street, Chadderton, OLDHAM, Lancashire, OL9 0JE, UK",1091757,Registered
Asda Pharmacy,Asda Stores Ltd,"Walney Road, BARROW-IN-FURNESS, Cumbria, LA14 5UG, UK",1091767,Registered
Asda Pharmacy,Asda Stores Ltd,"Lammascote Road, Queensway, STAFFORD, Staffordshire, ST16 3TA, UK",1091768,Registered
Asda Pharmacy,Asda Stores Ltd,"98 Town Centre, HATFIELD, Hertfordshire, AL10 0JP, UK",1091769,Registered
Asda Pharmacy,Asda Stores Ltd,"St. Georges Road, Donnington, TELFORD, Shropshire, TF2 7RX, UK",1091803,Registered
Asda Pharmacy,Asda Stores Ltd,"Unit 9, Mary Rose Mall, Beckon, LONDON, E6 5LX, UK",1091804,Registered
Asda Pharmacy,Asda Stores Ltd,"The Old Cricket Ground, Dane Street, ROCHDALE, Lancashire, OL12 6XT, UK",1091805,Registered
Asda Pharmacy,Asda Stores Ltd,"Monkswood Way, STEVENAGE, Hertfordshire, SG1 1LA, UK",1091817,Registered
Asda Pharmacy,Asda Stores Ltd,"Asdale Road, WAKEFIELD, West Yorkshire, WF2 7EQ, UK",1091818,Registered
Asda Pharmacy,Asda Stores Ltd,"Barkby Thorpe Lane, Thurmaston, LEICESTER, Leicestershire, LE4 8GP, UK",1091842,Registered
Asda Pharmacy,Asda Stores Ltd,"Manchester Road, BOLTON, Lancashire, BL3 2QS, UK",1091843,Registered
Asda Pharmacy,Asda Stores Ltd,"Asda Superstore, Barton Dock Road, Urmston, MANCHESTER, Lancashire, M41 7BQ, UK",1091675,Registered
Asda Pharmacy,Asda Stores Ltd,"Asda Superstore, Cavendish Street, ASHTON-UNDER-LYNE, Lancashire, OL6 7PF, UK",1091676,Registered
Asda Pharmacy,Asda Stores Ltd,"Asda Superstore, Alexandra Road, HOUNSLOW, Middlesex, TW3 1JT, UK",1091704,Registered
Asda Pharmacy,Asda Stores Ltd,"Asda Superstore, The Mount Retail Park, HULL, North Humberside, HU9 2BN, UK",1091705,Registered
Asda Pharmacy,Asda Stores Ltd,"Asda Superstore, Pipps Hill Retail Park, Miles Gray Road, BASILDON, Essex, SS14 3AF, UK",1091706,Registered
Asda Pharmacy,Asda Stores Ltd,"St Mary's Way, Rawtenstall, ROSSENDALE, Lancashire, BB4 8EL, UK",1091580,Registered
Asda Pharmacy,Asda Stores Ltd,"Portrack Lane, STOCKTON-ON-TEES, Cleveland, TS18 2PB, UK",1091581,Registered
Asda Pharmacy,Asda Stores Ltd,"Asda Superstore, Market Square, ELLESMERE PORT, Merseyside, CH65 0BZ, UK",1091582,Registered
Asda Pharmacy,Asda Stores Ltd,"Viersen Platz, West Rivergate Shopping Centre, PETERBOROUGH, Cambridgeshire, PE1 1ET, UK",1091600,Registered
Asda Pharmacy,Asda Stores Ltd,"High Street, Carcroft, DONCASTER, South Yorkshire, DN6 8DN, UK",1091601,Registered
Asda Pharmacy,Asda Stores Ltd,"Huyton Lane, Huyton, LIVERPOOL, Merseyside, L36 7TX, UK",1091647,Registered
Asda Pharmacy,Asda Stores Ltd,"Middlebrook Sports & Retail Village, The Linkway, Horwich, BOLTON, Lancashire, BL6 6JA, UK",1091648,Registered
Asda Pharmacy,Asda Stores Ltd,"Unit 12, Central 12 Retail Park, Derby Road, SOUTHPORT, Merseyside, PR9 0TQ, UK",1091649,Registered
Asda Pharmacy,Asda Stores Ltd,"West Quay Road, POOLE, Dorset, BH15 1JQ, UK",1091650,Registered
Asda Pharmacy,Asda Stores Ltd,"Ventura Road, TAMWORTH, Staffordshire, B78 3HD, UK",1091651,Registered
Asda Pharmacy,Asda Stores Ltd,"Hessle Road, HULL, North Humberside, HU3 4PE, UK",1091652,Registered
Asda Pharmacy,Asda Stores Ltd,"Bournemouth Road, Chandler's Ford, EASTLEIGH, Hampshire, SO53 3YJ, UK",1091465,Registered
Asda Pharmacy,Asda Stores Ltd,"Jockey Lane, Huntington (Monks Cross), YORK, North Yorkshire, YO32 9LF, UK",1091471,Registered
Asda Pharmacy,Asda Stores Ltd,"Centre Drive, Clayton-Le-Woods, CHORLEY, Lancashire, PR6 7JY, UK",1091472,Registered
Asda Pharmacy,Asda Stores Ltd,"Dene Drive, WINSFORD, Cheshire, CW7 1BD, UK",1092738,Registered
Asda Pharmacy,Asda Stores Ltd,"2 North Street, South Bank, MIDDLESBROUGH, Cleveland, TS6 6AB, UK",1092809,Registered
Asda Pharmacy,Asda Stores Ltd,"East Street, Bedminster, BRISTOL, Avon, BS3 4JY, UK",1092810,Registered
Asda Pharmacy,Asda Stores Ltd,"Highweek Street, NEWTON ABBOT, Devon, TQ12 1TG, UK",1092811,Registered
Asda Pharmacy,Asda Stores Ltd,"West Lane, RUNCORN, Cheshire, WA7 2PY, UK",1092812,Registered
Asda Pharmacy,Asda Stores Ltd,"Newstead Road, WEYMOUTH, Dorset, DT4 8JQ, UK",1092853,Registered
Asda Pharmacy,Asda Stores Ltd,"Belmont Road, HEREFORD, Herefordshire, HR2 7JE, UK",1092854,Registered
Asda Pharmacy,Asda Stores Ltd,"19 Bouverie Place Shopping Centre, Alexandra Gardens, FOLKESTONE, Kent, CT20 1AU, UK",1092855,Registered
Asda Pharmacy,Asda Stores Ltd,"Phillips Road, WESTON-SUPER-MARE, Avon, BS23 3UZ, UK",1092531,Registered
Asda Pharmacy,Asda Stores Ltd,"Westwood Road, BROADSTAIRS, Kent, CT10 2NR, UK",1092532,Registered
Asda Pharmacy,Asda Stores Ltd,"Priestsic Road, SUTTON-IN-ASHFIELD, Nottinghamshire, NG17 2AH, UK",1092646,Registered
Asda Pharmacy,Asda Stores Ltd,"The Water Gardens, South Gate, HARLOW, Essex, CM20 1AN, UK",1092277,Registered
Asda Pharmacy,Asda Stores Ltd,"Purbrook Way, HAVANT, Hampshire, PO9 3QW, UK",1092278,Registered
Asda Pharmacy,Asda Stores Ltd,"Corporation Street, COLNE, Lancashire, BB8 8LU, UK",1092279,Registered
Asda Pharmacy,Asda Stores Ltd,"Portland Road, WATERLOOVILLE, Hampshire, PO7 7XR, UK",1092397,Registered
Asda Pharmacy,Asda Stores Ltd,"Conran Street, MANCHESTER, Lancashire, M9 4DJ, UK",1092438,Registered
Asda Pharmacy,Asda Stores Ltd,"42 George Street, WALSALL, West Midlands, WS1 1RS, UK",1092470,Registered
Asda Pharmacy,Asda Stores Ltd,"Telford Drive, SLOUGH, Berkshire, SL1 9LA, UK",1092471,Registered
Asda Pharmacy,Asda Stores Ltd,"111-127 Front Street, Arnold, NOTTINGHAM, NG5 7ED, UK",1113527,Registered
Asda Pharmacy,Asda Stores Ltd,"190-244 Dock Street, FLEETWOOD, Lancashire, FY7 6NU, UK",1113528,Registered
Asda Pharmacy,Asda Stores Ltd,"Westbrook Centre, Westbrook, WARRINGTON, WA5 8UQ, UK",1113265,Registered
Asda Pharmacy,Asda Stores Ltd,"Pearson Street, BRIERLEY HILL, West Midlands, DY5 3BJ, UK",1115506,Registered
Asda Pharmacy,Asda Stores Ltd,"Old Park Lane, OLDBURY, West Midlands, B69 4PU, UK",1115507,Registered
Asda Pharmacy,Asda Stores Ltd,"Launceston Road, BODMIN, Cornwall, PL31 2AR, UK",1115745,Registered
Asda Pharmacy,Asda Stores Ltd,"Market Street, Chapeltown, SHEFFIELD, S35 2UW, UK",1115125,Registered
Asda Pharmacy,Asda Stores Ltd,"Edge Green Lane, Golborne, WARRINGTON, WA3 3SP, UK",1115145,Registered
Asda Pharmacy,Asda Stores Ltd,"Ingram Road, SKELMERSDALE, Lancashire, WN8 6LA, UK",1115165,Registered
Asda Pharmacy,Asda Stores Ltd,"Oatlands Avenue, BRISTOL, BS14 0ST, UK",1115426,Registered
Asda Pharmacy,Asda Stores Ltd,"1 Swan Walk, Civic Centre, Wythenshawe, MANCHESTER, M22 5HZ, UK",1115430,Registered
Asda Pharmacy,Asda Stores Ltd,"Abbey Park, London Road, Whitley, COVENTRY, CV3 4AR, UK",1115432,Registered
Asda Pharmacy,Asda Stores Ltd,"Cranbourne Industrial Estate, Dock Road, GOSPORT, Hampshire, PO12 1SH, UK",1116705,Registered
Asda Pharmacy,Asda Stores Ltd,"1 Alexander Grove, London Road, SWANLEY, Kent, BR8 7UN, UK",1116105,Registered
Asda Pharmacy,Asda Stores Ltd,"Honey End Lane, READING, RG30 4EL, UK",1115956,Registered
Asda Pharmacy,Asda Stores Ltd,"Kirkland Street, ST. HELENS, Merseyside, WA10 2EF, UK",1115957,Registered
Asda Pharmacy,Asda Stores Ltd,"East Quay, BRIDGWATER, Somerset, TA6 5AZ, UK",1115959,Registered
Asda Pharmacy,Asda Stores Ltd,"Moss Bank Way, BOLTON, BL1 8QG, UK",1115960,Registered
Asda Pharmacy,Asda Stores Ltd,"Bradford Road, MELKSHAM, Wiltshire, SN12 8LQ, UK",1115962,Registered
Asda Pharmacy,Asda Stores Ltd,"Welton Road, Croft Business Park, Bromborough, WIRRAL, Merseyside, CH62 3QP, UK",1116249,Registered
Asda Pharmacy,Asda Stores Ltd,"Cemetery Road, BRADFORD, West Yorkshire, BD7 2NB, UK",1116250,Registered
Asda Pharmacy,Asda Stores Ltd,"23 North End, WISBECH, Cambridgeshire, PE13 1PE, UK",1116252,Registered
Asda Pharmacy,Asda Stores Ltd,"Greenfield Lane, Shaw, OLDHAM, OL2 8QP, UK",1116253,Registered
Asda Pharmacy,Asda Stores Ltd,"Drayton High Road, Hellesdon, NORWICH, NR6 5DT, UK",1116254,Registered
Asda Pharmacy,Asda Stores Ltd,"Clovelly Road, BIDEFORD, Devon, EX39 3QU, UK",1116255,Registered
Asda Pharmacy,Asda Stores Ltd,"Littlehampton Road, Ferring, WORTHING, West Sussex, BN12 6PN, UK",1116256,Registered
Asda Pharmacy,Asda Stores Ltd,"Woodchurch Road, Upton, WIRRAL, Merseyside, CH49 5PD, UK",1116257,Registered
Asda Pharmacy,Asda Stores Ltd,"Widnes Road, WIDNES, Cheshire, WA8 6AH, UK",1116258,Registered
Asda Pharmacy,Asda Stores Ltd,"Chaucer Road, SHEFFIELD, S5 9QJ, UK",1119647,Registered
Asda Pharmacy,Asda Stores Ltd,"Unit 20, Asda Mall, Lower Earley District Centre, Lower Earley, READING, RG6 5TT, UK",1119286,Registered
Asda Pharmacy,Asda Stores Ltd,"Horn Hill, LOWESTOFT, Suffolk, NR33 0PX, UK",1120887,Registered
Asda Pharmacy,Asda Stores Ltd,"Malinsgate, TELFORD, Shropshire, TF3 4HZ, UK",1122005,Registered
Asda Pharmacy,Edward Mack,"Within ASDA Stores, Bower Road, HARROGATE, North Yorkshire, HG1 5DE, UK",1038921,Registered
Asda Pharmacy,"Sampson Ltd., N. & J.","Asda Superstore, Leicester Road, Oadby, LEICESTER, Leicestershire, LE2 4AH, UK",1034087,Registered
Asda Stores Ltd,Asda Stores Ltd,"The Cornbow Shopping Centre, Queensway Mall, Queensway, HALESOWEN, West Midlands, B63 4AB, UK",1097487,Registered
Asda Superstore,Asda Stores Ltd,"Octagon Centre, Orchard Street, BURTON-ON-TRENT, Staffordshire, DE14 3TN, UK",1036898,Registered
Ash Grove Pharmacy,St. Helens Pharmacy Ltd,"Ash Grove Medical Centre, England Lane, KNOTTINGLEY, West Yorkshire, WF11 0JA, UK",1100147,Registered
Asha Pharmacy,Asha Pharmacy Ltd,"3 The Parkway, LEICESTER, Leicestershire, LE5 2BB, UK",1034128,Registered
Ashburton Pharmacy,Medipharmacy Limited,"30 Chartfield Avenue, Putney, LONDON, SW15 6HG, UK",1097766,Registered
Ashby Pharmacy,Clinicohealth Ltd,"17A The Green, ASHBY-DE-LA-ZOUCH, Leicestershire, LE65 1JU, UK",1099965,Registered
Ashby Pharmacy,Roshban Limited,"213 Ashby High Street, SCUNTHORPE, South Humberside, DN16 2JP, UK",1032501,Registered
Ashcroft Chemist,Bhagwan Singh,"97 Greenfield Road, ST. HELENS, Merseyside, WA10 6SL, UK",1034708,Registered
Ashcroft Pharmacy,Ashcroft Pharma Limited,"28A Barry Street, BRADFORD, West Yorkshire, BD1 2AW, UK",1126290,Registered
Ashcroft Pharmacy,Ashcroft Pharmacy Ltd.,"260 Ashcroft Road, Stopsley, LUTON, Bedfordshire, LU2 9AB, UK",1028841,Registered
Ashdale Pharmacy,Hollycroft Chemists Ltd,"Ayston Road, North Gate, Uppingham, OAKHAM, Rutland, LE15 9NX, UK",1122905,Registered
Ashdown Pharmacy,Ashdown Medical Services Limited,"Studio the Rookery, Highgate Works, Tomtits Lane, FOREST ROW, East Sussex, RH18 5AT, UK",1120626,Registered
Ashford Lodge Pharmacy,Akinyinka Olufemi Akodu,"122 Feltham Hill Road, ASHFORD, Middlesex, TW15 2BX, UK",1034825,Registered
Ashgrove Pharmacy,F.B. Downham Ltd.,"97-99 Ashley Down Road, BRISTOL, Avon, BS7 9JT, UK",1028573,Registered
Ashington Pharmacy,Michelle Julie Warner,"Unit 1, Clearview House, London Road Ashington, PULBOROUGH, West Sussex, RH20 3DD, UK",1099567,Registered
Ashley Heath Pharmacy,Super Happy Wing Ltd,"2-3 High Street, Ashley Heath, RINGWOOD, Hampshire, BH24 2HP, UK",1031823,Registered
Ashley Pharmacy,Ashley Pharmacy Ltd,"10 Ashley Parade, NEW MILTON, Hampshire, BH25 5BS, UK",1031775,Registered
Ashludie Pharmacy,MONIFIETH PHARMACY LIMITED,"Victoria Street, Monifieth, DUNDEE, Angus, DD5 4HP, UK",1089093,Registered
Ashton Medical Centre Pharmacy,Queen Street Pharmacy Ltd,"Ashton Primary Care Centre, 193 Old Street, ASHTON-UNDER-LYNE, Lancashire, OL6 7SR, UK",1105529,Registered
Ashtons Hospital Pharmacy,Ashtons Hospital Pharmacy Services Limited,"Units 4 (5,6,7,8 and 9), Dyke Road Mews, 74/76 Dyke Road, BRIGHTON, East Sussex, BN1 3JD, UK",1087763,Registered
Ashtons Late Night Pharmacy,Paydens Ltd,"96-98 Dyke Road, BRIGHTON, East Sussex, BN1 3JD, UK",1036112,Registered
Ashtree Pharmacy,Stretonette Limited,"1534 Pershore Road, Stirchley, BIRMINGHAM, West Midlands, B30 2NW, UK",1089856,Registered
Ashtrees Pharmacy,Ashtrees (Healthcare) Ltd,"Ashtrees Surgery, Market Street, CARNFORTH, Lancashire, LA5 9JU, UK",1100486,Registered
Ashwell Pharmacy,Chimemill Ltd,"Unit 2 22 High Street, Ashwell, BALDOCK, Hertfordshire, SG7 5NW, UK",1032162,Registered
Ashworth Pharmacy,Ashworth Pharmacy Ltd.,"211a Queens Road, Smethwick, WARLEY, West Midlands, B67 6NX, UK",1038679,Registered
Ashworths,Ban Hanna Shamoon,"64 High Street, RUISLIP, Middlesex, HA4 7AA, UK",1035090,Registered
Ashworths Dispensing Chemists,E-Nova Healthcare Limited,"229 Beaver Road, ASHFORD, Kent, TN23 7SJ, UK",1032566,Registered
Asif Iqbal Pharmacy Ltd.;,Asif Iqbal Pharmacy Ltd,"70 St. Helens Road, BOLTON, Lancashire, BL3 3NP, UK",1033188,Registered
Asif's New Pharmacy,Asif Moledina,"249-251 London Road, Hadleigh, BENFLEET, Essex, SS7 2RF, UK",1030987,Registered
Asif's Pharmacy,Asif Healthcare Limited,"29 Alum Rock Road, BIRMINGHAM, West Midlands, B8 1LR, UK",1092260,Registered
Asims Chemist Ltd,Asims Chemist Ltd,"14-16 Colwick Road, Sneinton, NOTTINGHAM, Nottinghamshire, NG2 4BU, UK",1035623,Registered
Aspden Chemists,Narendrakumar Raojibhai Patel,"153 Bowes Road, Palmers Green, LONDON, N13 4SE, UK",1040418,Registered
Aspire Pharmacy,Doctors Pharmacy Limited,"9 Railway Road, ORMSKIRK, Lancashire, L39 2DN, UK",1117409,Registered
Aspire Pharmacy,Sidcup Healthcare Ltd,"23 High Street, SIDCUP, Kent, DA14 6EQ, UK",1032948,Registered
Assured Pharmacy,Assured Pharmacy Ltd,"Suite 2, First Floor, Springfield House, Water Lane, WILMSLOW, Cheshire, SK9 5BG, UK",1121967,Registered
Astell Pharmacy,Aidwell Ltd,"6 Elystan Street, LONDON, SW3 3NS, UK",1041023,Registered
Asterwell Pharmacy,B&W United Healthcare Ltd,"275 Longmore Road, Shirley, SOLIHULL, West Midlands, B90 3ER, UK",1038384,Registered
Astill Lodge Pharmacy,Goldpot Limited,"234 Astill Lodge Road, Beaumont Lodge, LEICESTER, Leicestershire, LE4 1EF, UK",1034014,Registered
Astley Village Pharmacy,Apa (Blackpool) Ltd,"Unit 5, Hallgate, CHORLEY, Lancashire, PR7 1XA, UK",1091617,Registered
Aston Chemist Ltd,Aston Chemist Ltd,"4 Shenley Green, Shenley Lane, Selly Oak, BIRMINGHAM, West Midlands, B29 4HH, UK",1038135,Registered
Aston Chemists Ltd,Aston Chemists Limited,"95 Accrington Road, BLACKBURN, Lancashire, BB1 2AF, UK",1033087,Registered
Aston Pharmacy,Aston Chemists Limited,"2 Station Road, Great Sankey, WARRINGTON, Cheshire, WA5 1RQ, UK",1029851,Registered
Aston Pharmacy,Aston Chemists Limited,"15 Ramshill Road, SCARBOROUGH, North Yorkshire, YO11 2LN, UK",1038985,Registered
Aston Pharmacy,Aston Chemists Limited,"Aston Chemists, 387-391 Blackburn Road, ACCRINGTON, Lancashire, BB5 1RP, UK",1116425,Registered
Aston Pharmacy,Aston Chemists Limited,"13 Ramshill Road, SCARBOROUGH, North Yorkshire, YO11 2LN, UK",1116809,Registered
Astons Pharmacy,Jardines (U.K.) Ltd,"Unit 4, 44 Wordsworth Avenue, Ports Estate, NEWPORT PAGNELL, Buckinghamshire, MK16 8SB, UK",1029198,Registered
Asvacare Ltd,Asvacare Ltd,"197 Rush Green Road, ROMFORD, RM7 0JR, UK",1031354,Registered
Asvacare Ltd,Asvacare Ltd,"97 Upper Clapton Road, LONDON, E5 9BU, UK",1040049,Registered
Asvacare Ltd,Asvacare Ltd,"32 Queens Road, BUCKHURST HILL, Essex, IG9 5BY, UK",1116454,Registered
"Asvacare Ltd, Barkers Chemist",Asvacare Ltd,"49 Falcon Road, LONDON, SW11 2PH, UK",1041109,Registered
"Asvacare Ltd, Barkers Chemists",Asvacare Ltd,"245 Garratt Lane, Wandsworth, LONDON, SW18 4DU, UK",1041220,Registered
Atherstone In-Practice Pharmacy,Atherstone Pharma Ltd,"1 Ratcliffe Road, ATHERSTONE, Warwickshire, CV9 1EU, UK",1120526,Registered
Atherstone Pharmacy,NO.8 Group (Midlands) Limited,"87 Long Street, ATHERSTONE, Warwickshire, CV9 1BB, UK",1109847,Registered
Atkins Chemist,J C Wise Ltd,"124 Holloway Road, LONDON, N7 8JE, UK",1040358,Registered
Atkinson; C.,Michael Franklin (Chemists) Ltd,"750 Green Lanes, Winchmore Hill, LONDON, N21 3RE, UK",1040512,Registered
Atlas Pharmacy,Stellar Medical Limited,"Fingerpost Park Health Centre, Vernon Street, ST. HELENS, Merseyside, WA9 1LN, UK",1118385,Registered
Attwood Green Pharmacy,Disscband Ltd,"Attwood Green Health Centre, 30 Bath Row, Attwood Green, BIRMINGHAM, B15 1LZ, UK",1118417,Registered
Auchinairn Pharmacy,M & D Green Dispensing Chemist Ltd,"167 Auchinairn Road, Bishopbriggs, GLASGOW, Lanarkshire, G64 1NG, UK",1042257,Registered
Auckley Pharmacy,Oakley Enterprises Limited,"30 Ellers Lane, Auckley, DONCASTER, South Yorkshire, DN9 3JF, UK",1095782,Registered
Audenshaw Pharmacy,Audenshaw Pharmacy Limited,"3 Chapel Street, Audenshaw, MANCHESTER, Lancashire, M34 5DE, UK",1033494,Registered
Audley Late Night Pharmacy,Audley Late Night Pharmacy Limited,"114 -116 Audley Range, BLACKBURN, Lancashire, BB1 1TG, UK",1100749,Registered
Audley Mills Pharmacy,Audley Mills Ltd,"39 Eastwood Road, RAYLEIGH, Essex, SS6 7JE, UK",1031378,Registered
Audley Pharmacy,Chemstar Ltd,"36 South Audley Street, Mayfair, LONDON, W1K 2PL, UK",1041330,Registered
Aukland Rogers Pharmacy,Pearl Chemist Limited,"892 Garratt Lane, Tooting, LONDON, SW17 0NB, UK",1041195,Registered
Aumex Pharmacy,Medimpo Ltd.,"43 - 44 Central Parade, Lodge Lane, New Addington, CROYDON, Surrey, CR0 0JD, UK",1036504,Registered
Aura Pharmacy,Patel JG & KG LLP,"78 Inner Park Road, Wimbledon, LONDON, SW19 6DA, UK",1041247,Registered
Aura Pharmacy,Patel JG & KG LLP,"21 Brecknock Road, LONDON, N7 0BL, UK",1040352,Registered
Automeds Pharmacy,Automeds Pharmacy Ltd,"Unit 45, Wessex Trade Centre, Ringwood Road, POOLE, Dorset, BH12 3PG, UK",1103205,Registered
Avenham Pharmacy,C & S Pharmacy Limitied,"42 Avenham Lane, PRESTON, Lancashire, PR1 3TS, UK",1085315,Registered
Avenue Pharmacy (Sunderland) Ltd,Avenue Pharmacy (Sunderland) Limited,"50 Roker Avenue, SUNDERLAND, Tyne and Wear, SR6 0HT, UK",1037698,Registered
Avenue Pharmacy (Sunderland) Ltd,Avenue Pharmacy (Sunderland) Limited,"81 Dundas Street, SUNDERLAND, Tyne and Wear, SR6 0AY, UK",1037672,Registered
Avenue Pharmacy (Sunderland) Ltd,Avenue Pharmacy (Sunderland) Limited,"53 Dundas Street, Monkwearmouth, SUNDERLAND, SR6 0BD, UK",1115465,Registered
Avenue Pharmacy (Sunderland) Ltd,Avenue Pharmacy Limited.,"7 North Guards, Whitburn, SUNDERLAND, Tyne and Wear, SR6 7EJ, UK",1037689,Registered
Averose Pharmacy,HANIF HEALTHCARE LIMITED,"Market Street, Charlbury, OXFORD, Oxfordshire, OX7 3PL, UK",1035961,Registered
,,,,
